season,game_id,game_date,home,away,y,pts_h,pts_a,am,p_mkt,gp_home,gp_away,ff_ready,carry_active,n_cur_rows,n_out_home,n_out_away,b2b_h,b2b_a,cm,fm,rm_core,prior_term,sched,cont_h,cont_a,m_us,p_us
2023-24,0022300062,2023-10-24,GSW,PHX,0,104,108,-4,0.6231343912109123,0,0,1,1,0,0,0,0,0,0.0,-0.413559,0.0,-0.068292,2.206508,0.5556,0.5556,1.999728,0.5689920811830231
2023-24,0022300061,2023-10-24,DEN,LAL,1,119,107,12,0.656232981418711,0,0,1,1,0,0,0,0,0,0.0,2.761243,0.0,1.778232,2.206508,0.5556,0.5556,3.587129,0.6220391429277313
2023-24,0022300064,2023-10-25,IND,WAS,1,143,120,23,0.656232981418711,0,0,1,1,0,0,0,0,0,0.0,-1.420532,0.0,-1.035334,2.206508,0.5556,0.5556,1.496242,0.5517666878433827
2023-24,0022300063,2023-10-25,CHA,ATL,1,116,110,6,0.34376701858128905,0,0,1,1,0,0,0,0,0,0.0,-3.418708,0.0,-3.507582,2.206508,0.5556,0.5556,0.497154,0.5172554348095875
2023-24,0022300068,2023-10-25,MIA,DET,1,103,102,1,0.796561813968603,0,0,1,1,0,0,0,0,0,0.0,4.916253,0.0,4.836868,2.206508,0.5556,0.5556,4.664635,0.6565293893766992
2023-24,0022300066,2023-10-25,ORL,HOU,1,116,86,30,0.656232981418711,0,0,1,1,0,0,0,0,0,0.0,4.854196,0.0,2.868583,2.206508,0.5556,0.5556,4.633606,0.6555569422003144
2023-24,0022300070,2023-10-25,CHI,OKC,0,104,124,-20,0.5888456496998049,0,0,1,1,0,0,0,0,0,0.0,0.589633,0.0,0.258598,2.206508,0.5556,0.5556,2.501324,0.5859884418267427
2023-24,0022300065,2023-10-25,NYK,BOS,0,104,108,-4,0.34376701858128905,0,0,1,1,0,0,0,0,0,0.0,-1.6835,0.0,-1.842121,2.206508,0.5556,0.5556,1.364758,0.5472460564622496
2023-24,0022300074,2023-10-25,LAC,POR,1,123,111,12,0.8188567031623804,0,0,1,1,0,0,0,0,0,0.0,2.658198,0.0,2.227768,2.206508,0.5556,0.5556,3.535607,0.620355281635194
2023-24,0022300073,2023-10-25,SAS,DAL,0,119,126,-7,0.34376701858128905,0,0,1,1,0,0,0,0,0,0.0,-7.948294,0.0,-5.380307,2.206508,0.5556,0.5556,-1.767639,0.43893008149038226
2023-24,0022300072,2023-10-25,UTA,SAC,0,114,130,-16,0.44632827295194966,0,0,1,1,0,0,0,0,0,0.0,-2.996134,0.0,-1.727929,2.206508,0.5556,0.5556,0.708441,0.524578818366401
2023-24,0022300071,2023-10-25,MEM,NOP,0,104,111,-7,0.5536717270480503,0,0,1,1,0,0,0,0,0,0.0,2.454414,0.0,0.791766,2.206508,0.5556,0.5556,3.433715,0.6170167267879815
2023-24,0022300067,2023-10-25,BKN,CLE,0,113,114,-1,0.44632827295194966,0,0,1,1,0,0,0,0,0,0.0,-2.495061,0.0,-2.346144,2.206508,0.5556,0.5556,0.958977,0.5332486843470221
2023-24,0022300069,2023-10-25,TOR,MIN,1,97,94,3,0.5179520501205839,0,0,1,1,0,0,0,0,0,0.0,-0.479284,0.0,0.916455,2.206508,0.5556,0.5556,1.966866,0.5678724008263404
2023-24,0022300076,2023-10-26,LAL,PHX,1,100,95,5,0.7178674702465342,1,1,1,1,0,0,0,0,0,0.0,-1.59829,0.0,-0.347747,2.206508,0.5556,0.5556,1.407363,0.5487117663185613
2023-24,0022300075,2023-10-26,MIL,PHI,1,118,117,1,0.6878806892309335,0,0,1,1,0,0,0,0,0,0.0,-0.455045,0.0,-0.553408,2.206508,0.5556,0.5556,1.978985,0.5682854062453669
2023-24,0022300084,2023-10-27,DAL,BKN,1,125,120,5,0.7178674702465342,1,1,1,1,0,0,0,0,0,0.0,-0.937544,0.0,-0.343769,2.206508,0.5556,0.5556,1.737736,0.5600468612135867
2023-24,0022300081,2023-10-27,CLE,OKC,0,105,108,-3,0.5888456496998049,1,1,1,1,0,0,0,0,0,0.0,3.469354,0.0,2.197872,2.206508,0.5556,0.5556,3.941185,0.6335290934956491
2023-24,0022300085,2023-10-27,UTA,LAC,1,120,118,2,0.34376701858128905,1,1,1,1,0,0,0,0,0,0.0,-1.45759,0.0,-0.599208,2.206508,0.5556,0.5556,1.477713,0.551130125341526
2023-24,0022300078,2023-10-27,MEM,DEN,0,104,108,-4,0.3121193107690664,1,1,1,1,0,0,0,0,0,0.0,0.695593,0.0,-0.75478,2.206508,0.5556,0.5556,2.554304,0.5877724704724373
2023-24,0022300080,2023-10-27,BOS,MIA,1,119,111,8,0.7722859781343504,1,1,1,1,0,0,0,0,0,0.0,4.52975,0.0,2.981864,2.206508,0.5556,0.5556,4.471383,0.6504517271361697
2023-24,0022300087,2023-10-27,SAC,GSW,0,114,122,-8,0.6231343912109123,1,1,1,1,0,0,0,0,0,0.0,0.519483,0.0,0.249952,2.206508,0.5556,0.5556,2.466249,0.5848060860575239
2023-24,0022300079,2023-10-27,ATL,NYK,0,120,126,-6,0.5179520501205839,1,1,1,1,0,0,0,0,0,0.0,-1.681234,0.0,-1.434867,2.206508,0.5556,0.5556,1.365891,0.5472850405843904
2023-24,0022300083,2023-10-27,SAS,HOU,1,126,122,4,0.5888456496998049,1,1,1,1,0,0,0,0,0,0.0,-0.417935,0.0,-1.20802,2.206508,0.5556,0.5556,1.99754,0.5689175556977243
2023-24,0022300086,2023-10-27,POR,ORL,0,97,102,-5,0.34376701858128905,1,1,1,1,0,0,0,0,0,0.0,-1.113427,0.0,-0.828345,2.206508,0.5556,0.5556,1.649794,0.5570351888169855
2023-24,0022300082,2023-10-27,CHI,TOR,1,104,103,1,0.5888456496998049,1,1,1,1,0,0,0,0,0,0.0,1.139982,0.0,-0.091776,2.206508,0.5556,0.5556,2.776499,0.5952290253724151
2023-24,0022300077,2023-10-27,CHA,DET,0,99,111,-12,0.656232981418711,1,1,1,1,0,0,0,0,0,0.0,2.662562,0.0,1.034161,2.206508,0.5556,0.5556,3.537789,0.6204266560786603
2023-24,0022300091,2023-10-28,CLE,IND,0,113,125,-12,0.37686560878908776,2,1,1,1,0,0,0,1,0,0.0,6.471827,0.0,4.295902,0.791103,0.5556,0.5556,4.027017,0.6362923882760698
2023-24,0022300094,2023-10-28,PHX,UTA,1,126,104,22,0.6878806892309335,2,2,1,1,0,0,0,0,1,0.0,2.89021,0.0,1.546269,5.105858,0.5556,0.5556,6.550963,0.7129706910232795
2023-24,0022300090,2023-10-28,NOP,NYK,1,96,87,9,0.6231343912109123,1,2,1,1,0,0,0,0,1,0.0,-1.120837,0.0,-0.762632,5.105858,0.5556,0.5556,4.54544,0.6527866876719941
2023-24,0022300093,2023-10-28,MIN,MIA,1,106,90,16,0.7722859781343504,1,2,1,1,0,0,0,0,1,0.0,1.912241,0.0,-0.623648,5.105858,0.5556,0.5556,6.061979,0.698873953966947
2023-24,0022300089,2023-10-28,WAS,MEM,1,113,106,7,0.5179520501205839,1,2,1,1,0,0,0,0,1,0.0,-3.778463,0.0,-2.289139,5.105858,0.5556,0.5556,3.216627,0.6098671180906678
2023-24,0022300092,2023-10-28,TOR,PHI,0,107,114,-7,0.34376701858128905,2,1,1,1,0,0,0,1,0,0.0,-2.335032,0.0,-1.487641,0.791103,0.5556,0.5556,-0.376413,0.4869330896658273
2023-24,0022300088,2023-10-28,DET,CHI,1,118,102,16,0.41115435030019515,2,2,1,1,0,0,0,1,1,0.0,-7.489192,0.0,-5.037899,3.690454,0.5556,0.5556,-0.054142,0.49812006260385105
2023-24,0022300098,2023-10-29,PHI,POR,1,126,98,28,0.796561813968603,2,2,1,1,0,0,0,1,0,0.0,5.537524,0.0,4.462106,0.791103,0.5556,0.5556,3.559865,0.621148473582415
2023-24,0022300095,2023-10-29,OKC,DEN,0,95,128,-33,0.37686560878908776,2,2,1,1,0,0,0,0,0,0.0,-1.500929,0.0,-1.981223,2.206508,0.5556,0.5556,1.456043,0.5503854637262344
2023-24,0022300100,2023-10-29,SAC,LAL,1,132,127,5,0.5888456496998049,2,2,1,1,0,0,0,0,0,0.0,1.704214,0.0,0.529407,2.206508,0.5556,0.5556,3.058615,0.6046331021751165
2023-24,0022300096,2023-10-29,HOU,GSW,0,95,106,-11,0.2539630763198815,2,2,1,1,0,0,0,0,0,0.0,-7.418027,0.0,-5.146776,2.206508,0.5556,0.5556,-1.502506,0.4480181695247315
2023-24,0022300097,2023-10-29,MIL,ATL,0,110,127,-17,0.7178674702465342,1,2,1,1,0,0,0,0,0,0.0,2.147928,0.0,1.522165,2.206508,0.5556,0.5556,3.280472,0.611974859096052
2023-24,0022300099,2023-10-29,LAC,SAS,1,123,83,40,0.796561813968603,2,2,1,1,0,0,0,0,0,0.0,6.816901,0.0,5.476026,2.206508,0.5556,0.5556,5.614958,0.6856489361126223
2023-24,0022300102,2023-10-30,IND,CHI,0,105,112,-7,0.6231343912109123,2,3,1,1,0,0,0,0,0,0.0,-3.592106,0.0,-2.356628,2.206508,0.5556,0.5556,0.410455,0.5142480430368538
2023-24,0022300103,2023-10-30,WAS,BOS,0,107,126,-19,0.1811432968376197,2,2,1,1,0,0,0,0,0,0.0,-4.128386,0.0,-4.102127,2.206508,0.5556,0.5556,0.142315,0.5049413280600686
2023-24,0022300110,2023-10-30,DEN,UTA,1,110,102,8,0.796561813968603,3,3,1,1,0,0,0,1,0,0.0,4.053162,0.0,2.976754,0.791103,0.5556,0.5556,2.817684,0.5966064533117494
2023-24,0022300101,2023-10-30,CHA,BKN,0,121,133,-12,0.44632827295194966,2,2,1,1,0,0,0,0,0,0.0,-5.21129,0.0,-3.596868,2.206508,0.5556,0.5556,-0.399137,0.4861446206638567
2023-24,0022300109,2023-10-30,OKC,DET,1,124,112,12,0.7178674702465342,3,3,1,1,0,0,0,1,0,0.0,6.899559,0.0,4.779301,0.791103,0.5556,0.5556,4.240883,0.6431383095821331
2023-24,0022300106,2023-10-30,MEM,DAL,0,110,125,-15,0.5536717270480503,3,2,1,1,0,0,0,0,0,0.0,2.159772,0.0,1.718485,2.206508,0.5556,0.5556,3.286394,0.6121701657195143
2023-24,0022300111,2023-10-30,LAL,ORL,1,106,103,3,0.6231343912109123,3,2,1,1,0,0,0,1,0,0.0,1.3791,0.0,1.998738,0.791103,0.5556,0.5556,1.480653,0.551231150902361
2023-24,0022300107,2023-10-30,MIL,MIA,1,122,114,8,0.7460369236801184,2,3,1,1,0,0,0,1,0,0.0,3.312944,0.0,1.22704,0.791103,0.5556,0.5556,2.447575,0.584176196064231
2023-24,0022300108,2023-10-30,NOP,GSW,0,102,130,-28,0.5888456496998049,2,3,1,1,0,0,0,0,1,0.0,-0.18231,0.0,-0.047769,5.105858,0.5556,0.5556,5.014703,0.6674083389366389
2023-24,0022300105,2023-10-30,TOR,POR,0,91,99,-8,0.796561813968603,3,3,1,1,0,0,0,0,1,0.0,3.202492,0.0,2.974465,5.105858,0.5556,0.5556,6.707104,0.7173880689438134
2023-24,0022300104,2023-10-30,ATL,MIN,1,127,113,14,0.41115435030019515,3,2,1,1,0,0,0,1,0,0.0,-0.747224,0.0,0.328524,0.791103,0.5556,0.5556,0.417491,0.5144921599954979
2023-24,0022300114,2023-10-31,LAC,ORL,1,118,102,16,0.7178674702465342,3,3,1,1,102,3,1,0,1,7.731499,3.06621,0.766258,1.18951,4.995602,0.6096,0.7738,10.394457,0.8090230283065988
2023-24,0022300112,2023-10-31,CLE,NYK,0,91,109,-18,0.44632827295194966,3,3,1,1,102,2,0,0,0,-1.702531,1.371208,0.067518,0.850478,2.114936,0.6297,0.9061,1.949275,0.5672727602366574
2023-24,0022300113,2023-10-31,PHX,SAS,0,114,115,-1,0.7460369236801184,3,3,1,1,102,1,0,0,0,6.893976,10.974064,2.258939,5.459624,2.114936,0.1931,0.6978,11.048956,0.8226750396751653
2023-24,0022300124,2023-11-01,DAL,CHI,1,114,105,9,0.5888456496998049,3,4,1,1,102,1,0,0,0,3.011874,1.487592,1.899965,-0.602376,2.114936,0.5023,0.8551,4.364669,0.6470744114273863
2023-24,0022300117,2023-11-01,ATL,WAS,1,130,121,9,0.8188567031623804,4,3,1,1,102,0,1,0,0,10.604651,2.398726,1.299719,0.690507,2.114936,0.8019,0.5176,8.616625,0.7679467427300796
2023-24,0022300127,2023-11-01,LAL,LAC,1,130,125,5,0.6231343912109123,4,4,1,1,102,3,3,0,1,0.07549,-2.946872,-1.976629,0.47653,4.995602,0.3762,0.6096,3.559911,0.6211499635745735
2023-24,0022300122,2023-11-01,HOU,CHA,1,128,119,9,0.6231343912109123,3,3,1,1,102,0,0,0,0,0.351404,-3.231106,-1.150405,-0.781311,2.114936,0.4981,0.6102,0.675085,0.5234232969372894
2023-24,0022300118,2023-11-01,BOS,IND,1,155,104,51,0.857658513410342,3,3,1,1,102,0,2,0,0,12.835261,6.06545,0.524731,4.366842,2.114936,0.6096,0.8529,11.565292,0.8328957360667884
2023-24,0022300115,2023-11-01,DET,POR,0,101,110,-9,0.6231343912109123,4,4,1,1,102,2,1,0,0,-0.53924,0.020405,1.478907,-1.724168,2.114936,0.5484,0.3903,1.855519,0.5640735125227677
2023-24,0022300126,2023-11-01,GSW,SAC,1,102,101,1,0.7460369236801184,4,3,1,1,102,2,1,0,0,10.931246,0.896521,1.551515,-0.259319,2.114936,0.6055,0.813,8.02882,0.753081262364837
2023-24,0022300120,2023-11-01,NYK,CLE,0,89,95,-6,0.6878806892309335,4,4,1,1,102,1,1,1,1,3.082539,-1.371208,-0.114063,-0.850478,3.889517,0.9061,0.6297,4.745182,0.6590476511664153
2023-24,0022300123,2023-11-01,MIN,DEN,1,110,89,21,0.41115435030019515,3,4,1,1,102,0,0,0,0,-3.319054,-4.981272,-1.945222,-2.04341,2.114936,0.6984,0.693,-2.035226,0.42979923092502437
2023-24,0022300125,2023-11-01,UTA,MEM,1,133,109,24,0.5888456496998049,4,4,1,1,102,0,1,0,0,-4.037051,-4.535695,-0.420972,-1.777579,2.114936,0.6598,0.5761,-2.171436,0.425169231124007
2023-24,0022300121,2023-11-01,OKC,NOP,0,106,110,-4,0.6231343912109123,4,3,1,1,102,3,1,0,0,-3.257684,0.000327,0.554284,-0.392214,2.114936,0.7616,0.5903,0.486258,0.5168775413014673
2023-24,0022300116,2023-11-01,TOR,MIL,1,130,111,19,0.34376701858128905,4,3,1,1,102,2,0,0,0,-3.290792,-2.051728,-0.200623,-0.834355,2.114936,0.7515,0.5068,-0.556323,0.48069281768746114
2023-24,0022300119,2023-11-01,MIA,BKN,0,105,109,-4,0.7178674702465342,4,3,1,1,102,6,4,0,0,2.827911,-4.593866,-1.116573,0.149347,2.114936,0.652,0.5381,1.231959,0.5426722908533409
2023-24,0022300129,2023-11-02,NOP,DET,1,125,116,9,0.656232981418711,4,5,1,1,102,2,1,1,1,5.309505,5.843694,-1.069941,4.215655,3.889517,0.5903,0.5484,9.466117,0.7883049904362285
2023-24,0022300131,2023-11-02,PHX,SAS,0,121,132,-11,0.8188567031623804,4,4,1,1,102,1,0,0,0,10.108935,10.974064,2.258939,5.459624,2.114936,0.1931,0.6978,12.656436,0.8529387150255514
2023-24,0022300128,2023-11-02,PHI,TOR,1,114,99,15,0.7460369236801184,3,5,1,1,102,2,1,0,1,3.53672,4.586068,1.683213,1.304751,4.995602,0.6444,0.7515,9.056996,0.7786671596182702
2023-24,0022300130,2023-11-02,UTA,ORL,0,113,115,-2,0.44632827295194966,5,4,1,1,102,0,1,1,0,-2.070819,-2.073311,-2.550873,0.707222,1.008851,0.6598,0.7738,-1.063214,0.46314979138737394
2023-24,0022300007,2023-11-03,POR,MEM,1,115,113,2,0.37686560878908776,5,5,1,1,102,2,2,0,0,-5.089258,-6.490321,-0.096851,-3.080428,2.114936,0.3903,0.5761,-3.674853,0.37510062885655027
2023-24,0022300001,2023-11-03,IND,CLE,1,121,116,5,0.44632827295194966,4,5,1,1,102,1,0,0,0,-6.420852,-5.049881,0.834179,-3.651516,2.114936,0.8529,0.6297,-3.62043,0.37687406682218383
2023-24,0022300002,2023-11-03,MIL,NYK,1,110,105,5,0.7178674702465342,4,5,1,1,102,1,1,0,0,0.982489,-0.348389,0.047244,0.074203,2.114936,0.5068,0.9061,2.431986,0.5836501504365325
2023-24,0022300004,2023-11-03,CHI,BKN,0,107,109,-2,0.6231343912109123,5,4,1,1,102,1,2,0,0,-0.306257,-2.20468,-1.615682,0.310172,2.114936,0.8551,0.5381,0.859467,0.5298072331047643
2023-24,0022300003,2023-11-03,MIA,WAS,1,121,114,7,0.7722859781343504,5,4,1,1,102,6,1,0,0,8.831354,-0.673076,0.070522,0.926607,2.114936,0.652,0.5176,6.194075,0.7027208628296756
2023-24,0022300005,2023-11-03,OKC,GSW,0,139,141,-2,0.2821325297534659,5,5,1,1,102,4,2,0,0,-11.71803,-2.279272,-1.655095,-0.385957,2.114936,0.7616,0.6055,-4.883715,0.3366422251895327
2023-24,0022300006,2023-11-03,DEN,DAL,1,125,114,11,0.6878806892309335,5,4,1,1,102,0,1,0,0,2.853322,4.60477,1.262007,1.980476,2.114936,0.693,0.5023,5.843982,0.6924640276107348
2023-24,0022300132,2023-11-04,PHI,PHX,1,112,100,12,0.6878806892309335,4,5,1,1,102,2,1,0,0,4.611875,2.074208,0.325644,1.094185,2.114936,0.6444,0.1931,5.457978,0.6809307490655186
2023-24,0022300137,2023-11-04,HOU,SAC,1,107,89,18,0.41115435030019515,4,4,1,1,102,1,1,0,0,-0.707455,-9.86362,-1.715085,-4.587218,2.114936,0.4981,0.813,-3.170601,0.3916549013467001
2023-24,0022300134,2023-11-04,ORL,LAL,1,120,101,19,0.37686560878908776,5,5,1,1,102,3,3,0,0,-6.953759,-0.119339,1.285439,-1.666039,2.114936,0.7738,0.3762,-1.421612,0.4507981965846269
2023-24,0022300139,2023-11-04,DEN,CHI,1,123,101,22,0.796561813968603,6,6,1,1,102,0,1,1,1,8.273537,6.092363,3.117516,1.3781,3.889517,0.693,0.8551,11.072467,0.8231508891451186
2023-24,0022300138,2023-11-04,MIN,UTA,1,123,95,28,0.7460369236801184,4,6,1,1,102,0,1,0,0,7.185162,3.846003,1.457766,0.337993,2.114936,0.6984,0.6598,7.630519,0.7426512256273293
2023-24,0022300135,2023-11-04,NOP,ATL,0,105,123,-18,0.5536717270480503,5,5,1,1,102,0,0,0,0,-1.2434,0.491945,-1.117328,0.58226,2.114936,0.5903,0.8019,1.739209,0.560097256254046
2023-24,0022300133,2023-11-04,IND,CHA,0,124,125,-1,0.6878806892309335,5,4,1,1,102,0,0,1,0,2.368711,2.727954,1.099358,1.400044,1.008851,0.8529,0.6102,3.557183,0.6210608110925291
2023-24,0022300136,2023-11-04,BKN,BOS,0,114,124,-10,0.2034381860313969,5,4,1,1,102,3,1,1,0,-8.883057,-2.51385,-0.582112,-2.709548,1.008851,0.5381,0.6096,-4.689603,0.34268905760466556
2023-24,0022300141,2023-11-05,SAS,TOR,0,116,123,-7,0.34376701858128905,5,6,1,1,102,1,2,0,0,-7.099427,-8.462204,-0.809193,-5.249057,2.114936,0.6978,0.7515,-5.665879,0.31282873698996194
2023-24,0022300143,2023-11-05,DAL,CHA,1,124,118,6,0.8392015046448209,5,5,1,1,102,2,1,0,1,10.038889,5.562465,1.357302,2.765134,4.995602,0.5023,0.6102,12.796279,0.8553583271444791
2023-24,0022300144,2023-11-05,POR,MEM,0,100,112,-12,0.37686560878908776,6,6,1,1,102,2,4,0,0,-5.132685,-6.490321,-0.096851,-3.080428,2.114936,0.3903,0.5761,-3.696567,0.37439400793882827
2023-24,0022300142,2023-11-05,CLE,GSW,1,115,104,11,0.5179520501205839,6,6,1,1,102,1,0,0,0,-2.462016,0.2488,-1.92825,1.504972,2.114936,0.6297,0.6055,1.008328,0.5349542810046667
2023-24,0022300140,2023-11-05,DET,PHX,0,106,120,-14,0.37686560878908776,6,6,1,1,102,2,2,0,1,-7.373417,-7.112629,-0.462829,-4.314307,4.995602,0.5484,0.1931,-2.247421,0.4225920354881583
2023-24,0022300151,2023-11-06,NYK,LAC,1,111,97,14,0.5536717270480503,6,5,1,1,102,0,3,0,0,-0.75149,-0.072857,-2.23746,1.354588,2.114936,0.9061,0.6096,1.702763,0.5588496701731768
2023-24,0022300149,2023-11-06,BKN,MIL,0,125,129,-4,0.34376701858128905,6,5,1,1,102,2,1,0,0,-6.553673,0.221316,0.796853,-1.217947,2.114936,0.5381,0.5068,-1.051242,0.46356324811560784
2023-24,0022300153,2023-11-06,HOU,SAC,1,122,97,25,0.41115435030019515,5,5,1,1,102,1,1,0,0,-0.707455,-9.86362,-1.715085,-4.587218,2.114936,0.4981,0.813,-3.170601,0.3916549013467001
2023-24,0022300154,2023-11-06,MIN,BOS,1,114,109,5,0.37686560878908776,5,5,1,1,102,1,2,0,0,-4.134995,-3.60744,-1.008535,-3.064686,2.114936,0.6984,0.6096,-1.756281,0.4393186045348949
2023-24,0022300152,2023-11-06,CHI,UTA,1,130,113,17,0.6231343912109123,7,7,1,1,102,0,0,0,0,2.295299,2.734912,0.253202,1.003303,2.114936,0.8551,0.6598,4.630041,0.6554451474599493
2023-24,0022300147,2023-11-06,ORL,DAL,0,102,117,-15,0.5536717270480503,6,6,1,1,102,4,2,0,1,-7.485666,-2.149193,0.451875,-1.108149,4.995602,0.7738,0.5023,0.178173,0.5061862312519947
2023-24,0022300155,2023-11-06,OKC,ATL,1,126,117,9,0.5179520501205839,6,6,1,1,102,4,0,0,0,-4.529288,0.492272,-0.457061,0.190046,2.114936,0.7616,0.8019,0.096428,0.5033481461542506
2023-24,0022300156,2023-11-06,DEN,NOP,1,134,116,18,0.6878806892309335,7,6,1,1,102,1,1,0,0,4.498119,4.917801,2.614127,1.192765,2.114936,0.693,0.5903,6.822896,0.7206371864315873
2023-24,0022300150,2023-11-06,MIA,LAL,1,108,107,1,0.5536717270480503,6,6,1,1,102,6,2,0,0,-2.734531,-1.846924,-0.622447,-0.11634,2.114936,0.652,0.3762,-0.175791,0.49389643230402236
2023-24,0022300146,2023-11-06,IND,SAS,1,152,111,41,0.7722859781343504,6,6,1,1,102,0,1,0,1,2.808845,7.183648,1.826416,3.208171,4.995602,0.8529,0.6978,9.991849,0.8002338831247533
2023-24,0022300145,2023-11-06,DET,GSW,0,109,120,-11,0.2277140218656496,7,7,1,1,102,3,0,1,1,-10.655793,-8.123294,-1.17053,-4.209398,3.889517,0.5484,0.6055,-5.500026,0.317801745393228
2023-24,0022300148,2023-11-06,PHI,WAS,1,146,128,18,0.8392015046448209,5,5,1,1,102,2,0,0,0,13.423429,6.233813,2.001736,2.465604,2.114936,0.6444,0.5176,11.943558,0.8400805372631345
2023-24,0022300161,2023-11-08,NYK,SAS,1,126,105,21,0.796561813968603,7,7,1,0,206,0,1,0,0,10.368178,9.185735,2.068351,4.595278,2.252811,0.9061,0.6978,12.029768,0.8416825994430573
2023-24,0022300166,2023-11-08,MIN,NOP,1,122,101,21,0.796561813968603,6,7,1,0,206,0,3,0,0,6.288534,8.450917,2.810644,-0.656059,2.252811,0.6984,0.5909,9.622537,0.7919077506329794
2023-24,0022300167,2023-11-08,OKC,CLE,1,128,120,8,0.41115435030019515,7,7,1,0,206,3,4,0,0,-5.817368,-2.424768,-0.372682,-1.428617,2.252811,0.7616,0.6297,-1.868257,0.4354915142065327
2023-24,0022300168,2023-11-08,DAL,TOR,0,116,127,-11,0.656232981418711,7,7,1,0,206,2,2,0,0,3.587336,0.333252,1.52412,-0.54757,2.252811,0.5023,0.7515,4.213105,0.6422523705803166
2023-24,0022300158,2023-11-08,IND,UTA,1,134,118,16,0.6878806892309335,7,8,1,0,206,5,1,0,0,1.677729,3.118355,1.763357,-0.743663,2.252811,0.8529,0.6598,4.650853,0.6560976369388064
2023-24,0022300169,2023-11-08,DEN,GSW,1,108,105,3,0.656232981418711,8,8,1,0,206,2,2,0,0,1.349988,4.260805,1.007664,0.899266,2.252811,0.693,0.6055,5.058208,0.6687482139385695
2023-24,0022300165,2023-11-08,MIL,DET,1,120,118,2,0.857658513410342,6,8,1,0,206,2,3,0,0,11.931291,-3.914773,0.054539,3.812281,2.252811,0.5068,0.5484,6.26107,0.7046610160814879
2023-24,0022300160,2023-11-08,BKN,LAC,1,100,93,7,0.3121193107690664,7,6,1,0,206,2,3,0,0,-9.460547,-2.564061,-1.286091,0.158311,2.252811,0.5381,0.6096,-3.759493,0.37234921779701735
2023-24,0022300164,2023-11-08,MEM,MIA,0,102,108,-6,0.44632827295194966,7,7,1,0,206,5,4,0,0,-2.942166,-1.301369,-1.054657,0.75977,2.252811,0.5761,0.7009,0.131044,0.5045500073799175
2023-24,0022300159,2023-11-08,PHI,BOS,1,106,103,3,0.41115435030019515,6,6,1,0,206,1,1,0,0,-5.133548,-1.429527,-0.705323,-0.840992,2.252811,0.6444,0.6096,-1.028726,0.4643409867244688
2023-24,0022300170,2023-11-08,SAC,POR,1,121,118,3,0.7722859781343504,6,7,1,0,206,4,2,0,0,1.987179,1.183001,-0.258911,2.241076,2.252811,0.813,0.3903,3.837901,0.6301922803160186
2023-24,0022300162,2023-11-08,CHI,PHX,0,115,116,-1,0.5179520501205839,8,7,1,0,206,0,2,0,0,-4.609418,-5.4342,-2.189954,-0.225559,2.252811,0.8551,0.1931,-2.768998,0.40502199760622154
2023-24,0022300163,2023-11-08,HOU,LAL,1,128,94,34,0.44632827295194966,6,7,1,0,206,3,3,0,0,-4.762453,1.606377,-0.039038,-3.374237,2.252811,0.4981,0.3762,0.674773,0.523412487925628
2023-24,0022300157,2023-11-08,CHA,WAS,0,116,132,-16,0.5888456496998049,6,6,1,0,206,1,1,0,0,0.740871,3.338389,0.908403,-1.877711,2.252811,0.6102,0.5176,4.292441,0.6447801219131596
2023-24,0022300172,2023-11-09,ORL,ATL,0,119,120,-1,0.37686560878908776,7,7,1,0,206,3,0,0,0,-6.597317,1.40816,-0.309237,-1.012823,2.252811,0.7738,0.8019,-0.341767,0.4881353062475431
2023-24,0022300171,2023-11-09,IND,MIL,1,126,124,2,0.44632827295194966,8,7,1,0,206,5,2,1,1,-5.307815,4.297555,0.408663,-2.285682,3.760298,0.8529,0.5068,3.255168,0.6111400038903628
2023-24,0022300009,2023-11-10,WAS,CHA,0,117,124,-7,0.6231343912109123,7,7,1,0,206,4,1,0,0,0.496878,-3.338389,-1.056941,1.877711,2.252811,0.5176,0.6102,0.832055,0.5288587027928143
2023-24,0022300011,2023-11-10,HOU,NOP,1,104,101,3,0.6231343912109123,7,8,1,0,206,4,3,0,0,-3.342164,2.3039,0.717747,-3.524833,2.252811,0.4981,0.5909,1.733679,0.5599080310033419
2023-24,0022300013,2023-11-10,SAS,MIN,0,110,117,-7,0.2539630763198815,8,7,1,0,206,2,0,0,0,-10.299146,-11.876053,-3.862013,-3.443508,2.252811,0.6978,0.6984,-8.834788,0.2266974758740499
2023-24,0022300012,2023-11-10,MEM,UTA,0,121,127,-6,0.656232981418711,8,9,1,0,206,4,2,0,0,0.912979,-1.127821,0.62906,1.417245,2.252811,0.5761,0.6598,2.14539,0.573946394128635
2023-24,0022300010,2023-11-10,BOS,BKN,1,121,107,14,0.8392015046448209,7,8,1,0,206,1,2,0,0,11.820303,4.609366,2.832662,2.246717,2.252811,0.6096,0.5381,10.467646,0.8105886665522424
2023-24,0022300016,2023-11-10,SAC,OKC,1,105,98,7,0.44632827295194966,7,8,1,0,206,3,5,0,0,-2.274171,0.487335,-0.77203,0.535417,2.252811,0.813,0.7616,1.359393,0.5470614287374832
2023-24,0022300015,2023-11-10,PHX,LAL,0,119,122,-3,0.5888456496998049,8,8,1,0,206,2,2,0,0,-1.054262,2.812436,0.775236,0.226035,2.252811,0.1931,0.3762,3.131898,0.6070636077863092
2023-24,0022300008,2023-11-10,DET,PHI,0,106,114,-8,0.2277140218656496,9,7,1,0,206,3,0,0,0,-12.353399,-4.81145,-2.926141,-4.199667,2.252811,0.5484,0.6444,-6.329614,0.2933616206481006
2023-24,0022300014,2023-11-10,DAL,LAC,1,144,126,18,0.5536717270480503,8,7,1,0,206,1,2,0,0,-1.722954,-2.565223,0.075665,-0.065139,2.252811,0.5023,0.6096,0.108723,0.5037750299636666
2023-24,0022300175,2023-11-11,ATL,MIA,0,109,117,-8,0.7460369236801184,8,8,1,0,206,0,4,0,0,3.974873,3.725601,1.479611,-0.191831,2.252811,0.8019,0.7009,6.103048,0.70007301750178
2023-24,0022300173,2023-11-11,ORL,MIL,1,112,97,15,0.41115435030019515,8,8,1,0,206,4,1,0,0,-5.002317,6.486507,1.398397,-2.089198,2.252811,0.7738,0.5068,2.994906,0.6025159234912015
2023-24,0022300174,2023-11-11,BOS,TOR,1,117,94,23,0.796561813968603,8,8,1,0,206,0,1,1,0,7.326438,4.94378,2.961363,1.922597,0.944972,0.6096,0.7515,7.080082,0.7277713723664007
2023-24,0022300176,2023-11-11,GSW,CLE,0,110,118,-8,0.656232981418711,9,8,1,0,206,0,2,0,0,4.324349,4.255462,1.457101,-1.161887,2.252811,0.6055,0.6297,6.542717,0.7127362532568354
2023-24,0022300179,2023-11-12,LAC,MEM,0,101,105,-4,0.7722859781343504,8,9,1,0,206,3,3,0,0,9.257792,8.059066,2.952414,-1.051876,2.252811,0.6096,0.5761,10.91124,0.8198674961236555
2023-24,0022300181,2023-11-12,CHI,DET,1,119,108,11,0.7178674702465342,9,10,1,0,206,1,3,0,0,4.542504,-5.128093,-0.804552,3.02274,2.252811,0.8551,0.5484,1.960017,0.567638954653389
2023-24,0022300185,2023-11-12,PHX,OKC,0,99,111,-12,0.656232981418711,9,9,1,0,206,3,1,0,0,4.934829,3.183774,1.003776,0.35798,2.252811,0.1931,0.7616,6.312113,0.7061342482241872
2023-24,0022300178,2023-11-12,BKN,WAS,1,102,94,8,0.7178674702465342,9,8,1,0,206,3,3,0,0,3.644933,6.656237,1.883973,0.624772,2.252811,0.5381,0.5176,7.403397,0.7365763873986568
2023-24,0022300180,2023-11-12,PHI,IND,1,137,126,11,0.7460369236801184,8,9,1,0,206,2,4,0,0,7.6314,4.428669,2.654731,2.673067,2.252811,0.6444,0.8529,8.282846,0.7595830981498938
2023-24,0022300177,2023-11-12,NYK,CHA,1,129,107,22,0.8392015046448209,8,8,1,0,206,0,1,0,0,9.069781,4.242985,0.748063,3.377111,2.252811,0.9061,0.6102,8.909194,0.7751090505086591
2023-24,0022300183,2023-11-12,NOP,DAL,0,124,136,-12,0.37686560878908776,9,9,1,0,206,2,0,0,0,-5.786472,-4.8343,-2.501326,0.602367,2.252811,0.5909,0.5023,-3.057575,0.39540144357106405
2023-24,0022300182,2023-11-12,HOU,DEN,1,107,104,3,0.34376701858128905,8,9,1,0,206,4,2,0,0,-8.39454,-8.963319,-2.520101,-4.408288,2.252811,0.4981,0.693,-6.426118,0.2905907946256822
2023-24,0022300186,2023-11-12,GSW,MIN,0,110,116,-6,0.6231343912109123,10,8,1,0,206,0,0,1,0,2.736038,-1.444503,-0.44159,0.640249,0.944972,0.6055,0.6984,1.59074,0.5550104421749632
2023-24,0022300184,2023-11-12,SAS,MIA,0,113,118,-5,0.44632827295194966,9,9,1,0,206,3,2,0,1,-6.848665,-4.066961,-1.544103,-3.854445,5.068137,0.6978,0.7009,-0.389675,0.48647290853046377
2023-24,0022300187,2023-11-12,LAL,POR,1,116,110,6,0.7722859781343504,9,8,1,0,206,1,3,0,0,6.014535,1.067005,0.680638,1.837604,2.252811,0.3762,0.3903,5.793581,0.6909712767519284
2023-24,0022300188,2023-11-13,BOS,NYK,1,114,98,16,0.796561813968603,9,9,1,0,206,2,1,0,1,6.005747,3.684229,2.797613,1.372088,5.068137,0.6096,0.9061,9.913125,0.7984802664215543
2023-24,0022300189,2023-11-13,TOR,WAS,1,111,107,4,0.7722859781343504,9,9,1,0,206,2,3,0,1,5.979304,6.321823,1.673841,0.948892,5.068137,0.7515,0.5176,11.218701,0.8260881506550742
2023-24,0022300191,2023-11-13,SAC,CLE,1,132,120,12,0.6231343912109123,8,9,1,0,206,1,1,0,0,-8.508733,-1.937433,-1.140528,-0.8932,2.252811,0.813,0.6297,-2.970272,0.39830377079657475
2023-24,0022300190,2023-11-13,MIL,CHI,1,118,109,9,0.796561813968603,9,10,1,0,206,1,1,0,1,8.317883,1.213319,0.808923,0.789542,5.068137,0.5068,0.8551,9.833738,0.7967002461187991
2023-24,0022300017,2023-11-14,CHA,MIA,0,105,111,-6,0.2821325297534659,9,10,1,0,206,3,1,0,0,-4.851438,0.875789,-0.3069,-2.636278,2.252811,0.6102,0.7009,0.264987,0.5091998890471147
2023-24,0022300018,2023-11-14,DET,ATL,0,120,126,-6,0.34376701858128905,11,9,1,0,206,3,1,0,0,-9.02648,-1.163574,-1.814739,-2.735906,2.252811,0.5484,0.8019,-2.842216,0.4025738280434099
2023-24,0022300026,2023-11-14,LAL,MEM,1,134,107,27,0.7178674702465342,10,10,1,0,206,0,0,0,0,5.471596,1.357067,1.158738,-0.665244,2.252811,0.3762,0.5761,5.667143,0.6872089839209089
2023-24,0022300023,2023-11-14,UTA,POR,1,115,99,16,0.7460369236801184,10,9,1,0,206,1,2,0,0,3.685104,0.837759,-1.169851,1.085603,2.252811,0.6598,0.3903,4.514243,0.6518039586957097
2023-24,0022300024,2023-11-14,DEN,LAC,1,111,108,3,0.656232981418711,10,9,1,0,206,4,1,0,0,-1.951029,3.867697,1.045794,1.420684,2.252811,0.693,0.6096,3.211145,0.6096859697746085
2023-24,0022300025,2023-11-14,GSW,MIN,0,101,104,-3,0.37686560878908776,11,9,1,0,206,1,0,0,0,-0.339681,-1.444503,-0.44159,0.640249,2.252811,0.6055,0.6984,1.360719,0.5471070767649246
2023-24,0022300022,2023-11-14,NOP,DAL,1,131,110,21,0.37686560878908776,10,10,1,0,206,2,0,0,0,-6.197075,-4.8343,-2.501326,0.602367,2.252811,0.5909,0.5023,-3.262876,0.38860560574010705
2023-24,0022300019,2023-11-14,PHI,IND,0,126,132,-6,0.6878806892309335,9,10,1,0,206,3,1,0,0,8.70523,4.428669,2.654731,2.673067,2.252811,0.6444,0.8529,8.81976,0.772936420713383
2023-24,0022300021,2023-11-14,OKC,SAS,1,123,87,36,0.8188567031623804,10,10,1,0,206,0,2,0,0,5.20532,3.75132,1.562399,3.817027,2.252811,0.7616,0.6978,6.731131,0.7180641528059132
2023-24,0022300020,2023-11-14,BKN,ORL,1,124,104,20,0.5888456496998049,10,9,1,0,206,2,2,0,0,2.993793,-0.940124,-0.411233,1.070858,2.252811,0.5381,0.7738,3.279646,0.6119476231187068
2023-24,0022300196,2023-11-15,CHI,ORL,0,94,96,-2,0.5888456496998049,11,10,1,0,314,1,2,0,1,1.109306,-3.129463,-1.894142,0.991504,5.080928,0.8551,0.7738,4.07085,0.6377000944004576
2023-24,0022300192,2023-11-15,WAS,DAL,0,117,130,-13,0.37686560878908776,10,11,1,0,314,2,2,0,1,-8.01662,-4.565839,-2.493645,-0.287191,5.080928,0.5176,0.5023,-1.210301,0.45807433008018533
2023-24,0022300197,2023-11-15,PHX,MIN,1,133,115,18,0.656232981418711,10,10,1,0,314,1,0,0,1,-2.505717,-8.412382,-3.498186,0.55841,5.080928,0.1931,0.6984,-0.378121,0.4868738044074232
2023-24,0022300198,2023-11-15,LAL,SAC,0,110,125,-15,0.5179520501205839,11,9,1,0,314,1,3,1,0,4.290576,0.620015,0.639172,-0.356949,1.029148,0.3762,0.813,3.484443,0.6186802722168796
2023-24,0022300193,2023-11-15,ATL,NYK,0,114,116,-2,0.5536717270480503,10,10,1,0,314,1,1,1,0,-0.988606,-1.559149,0.361175,-0.717434,1.029148,0.8019,0.9061,-0.24473,0.4915032505662377
2023-24,0022300199,2023-11-15,POR,CLE,0,95,109,-14,0.1811432968376197,10,10,1,0,314,2,2,1,0,-7.680651,-3.776188,-1.631631,-2.410982,1.029148,0.3903,0.6297,-4.699272,0.3423866252696964
2023-24,0022300194,2023-11-15,PHI,BOS,0,107,117,-10,0.44632827295194966,10,10,1,0,314,2,2,1,0,-4.141959,-2.571269,-1.743889,-0.600708,1.029148,0.6444,0.6096,-2.327467,0.4198816486518589
2023-24,0022300195,2023-11-15,TOR,MIL,0,112,128,-16,0.44632827295194966,10,10,1,0,314,2,2,0,0,0.796039,1.907416,1.240006,-0.467117,2.342645,0.7515,0.5068,3.694372,0.6255346100571467
2023-24,0022300201,2023-11-16,GSW,OKC,0,109,128,-19,0.37686560878908776,12,11,1,0,314,2,1,0,0,-0.247475,-1.331942,-0.281238,0.170241,2.342645,0.6055,0.7616,1.552937,0.553713337763587
2023-24,0022300200,2023-11-16,MIA,BKN,1,122,115,7,0.6231343912109123,11,11,1,0,314,2,3,0,0,1.313113,-0.316006,-0.026853,0.092628,2.342645,0.7009,0.5381,2.841199,0.597392191580702
2023-24,0022300035,2023-11-17,UTA,PHX,0,128,131,-3,0.3121193107690664,11,11,1,0,314,1,1,0,0,-6.815187,-3.164419,-1.322374,-0.746096,2.342645,0.6598,0.1931,-2.647158,0.40910636957050617
2023-24,0022300033,2023-11-17,CHI,ORL,0,97,103,-6,0.6231343912109123,12,11,1,0,314,0,2,0,0,2.25593,-3.129463,-1.894142,0.991504,2.342645,0.8551,0.7738,1.905879,0.5657926233036736
2023-24,0022300030,2023-11-17,CLE,DET,1,108,100,8,0.7722859781343504,11,12,1,0,314,1,3,0,0,10.655103,3.906565,1.552239,3.056132,2.342645,0.6297,0.5484,9.623479,0.7919293291634353
2023-24,0022300031,2023-11-17,TOR,BOS,0,105,108,-3,0.2034381860313969,11,11,1,0,314,2,1,0,0,-11.574172,-5.563763,-3.9059,-1.344529,2.342645,0.7515,0.6096,-6.226323,0.2963443400095004
2023-24,0022300036,2023-11-17,POR,LAL,0,95,107,-12,0.2034381860313969,11,12,1,0,314,1,1,0,0,-8.430085,-4.016537,-1.700854,-1.380654,2.342645,0.3903,0.3762,-3.880666,0.36842458266435596
2023-24,0022300032,2023-11-17,SAS,SAC,0,120,129,-9,0.2277140218656496,11,10,1,0,314,3,4,0,0,-5.588176,-7.48824,-3.173626,-3.090852,2.342645,0.6978,0.813,-4.195563,0.35830764217799127
2023-24,0022300029,2023-11-17,ATL,PHI,0,116,126,-10,0.44632827295194966,11,11,1,0,314,1,3,0,0,-0.707715,-2.091267,-0.884945,-1.037786,2.342645,0.8019,0.6444,0.943154,0.5327016513073386
2023-24,0022300027,2023-11-17,CHA,MIL,0,99,130,-31,0.2277140218656496,10,11,1,0,314,0,2,0,0,-13.093642,-1.777133,-0.392837,-2.514873,2.342645,0.6102,0.5068,-5.092742,0.33019011197715914
2023-24,0022300034,2023-11-17,NOP,DEN,1,115,110,5,0.34376701858128905,11,11,1,0,314,3,1,0,0,-6.779543,-7.015664,-3.306661,-0.695946,2.342645,0.5909,0.693,-4.554958,0.3469137353911113
2023-24,0022300037,2023-11-17,LAC,HOU,1,106,100,6,0.7460369236801184,10,9,1,0,314,4,3,0,0,9.748554,0.61827,0.313575,2.344481,2.342645,0.6096,0.4981,7.526057,0.7398686088289551
2023-24,0022300028,2023-11-17,WAS,NYK,0,99,120,-21,0.2539630763198815,11,11,1,0,314,1,2,0,0,-11.351679,-5.107784,-2.281511,-1.130003,2.342645,0.5176,0.9061,-5.887086,0.30626254080556004
2023-24,0022300206,2023-11-18,SAS,MEM,0,108,120,-12,0.37686560878908776,12,11,1,0,314,2,3,1,0,-4.741253,-2.907089,-1.06775,-3.194456,1.029148,0.6978,0.5761,-2.795023,0.4041512556159641
2023-24,0022300204,2023-11-18,CHI,MIA,1,102,97,5,0.44632827295194966,13,12,1,0,314,0,2,1,0,-3.411489,-3.433995,-2.321716,0.090464,1.029148,0.8551,0.7009,-2.393594,0.41764615745564865
2023-24,0022300207,2023-11-18,GSW,OKC,0,123,130,-7,0.5536717270480503,13,12,1,0,314,4,1,0,0,4.085339,-1.331942,-0.281238,0.170241,2.342645,0.6055,0.7616,3.719343,0.6263466501169048
2023-24,0022300203,2023-11-18,NOP,MIN,0,120,121,-1,0.2539630763198815,12,11,1,0,314,4,0,1,0,-7.968752,-8.899894,-4.545721,0.455908,1.029148,0.5909,0.6984,-7.405175,0.263375678767049
2023-24,0022300205,2023-11-18,MIL,DAL,1,132,125,7,0.5536717270480503,12,12,1,0,314,3,3,1,0,0.307872,-3.825847,-2.294167,0.88646,1.029148,0.5068,0.5023,-0.72984,0.4746800248312576
2023-24,0022300202,2023-11-18,CHA,NYK,0,108,122,-14,0.2821325297534659,11,12,1,0,314,3,1,1,1,-10.797645,-6.144925,-2.428638,-2.471225,3.767431,0.6102,0.9061,-4.703854,0.34224332104513167
2023-24,0022300215,2023-11-19,POR,OKC,0,91,134,-43,0.2821325297534659,12,13,1,0,314,0,1,0,1,-5.240666,-5.527707,-2.539404,-1.289308,5.080928,0.3903,0.7616,-0.303259,0.489471746523818
2023-24,0022300208,2023-11-19,BKN,PHI,0,99,121,-22,0.37686560878908776,12,12,1,0,314,3,1,0,0,-4.383195,-1.624805,-1.166308,-1.008468,2.342645,0.5381,0.6444,-0.661355,0.47705241990951197
2023-24,0022300210,2023-11-19,CLE,DEN,1,121,109,12,0.34376701858128905,12,12,1,0,314,2,0,0,0,-4.369875,-5.185446,-2.209803,0.230123,2.342645,0.6297,0.693,-2.435015,0.41624761867118326
2023-24,0022300212,2023-11-19,DAL,SAC,0,113,129,-16,0.5536717270480503,13,11,1,0,314,2,2,1,0,4.881902,2.64869,1.676413,-0.669714,1.029148,0.5023,0.813,4.794443,0.6605833556922581
2023-24,0022300209,2023-11-19,IND,ORL,0,116,128,-12,0.656232981418711,11,12,1,0,314,1,1,0,0,2.071285,0.509451,-0.105658,-0.068978,2.342645,0.8529,0.7738,3.633014,0.623536266345142
2023-24,0022300216,2023-11-19,LAL,HOU,1,105,104,1,0.7178674702465342,13,10,1,0,314,2,1,0,0,5.944731,-1.255491,-0.45514,2.611251,2.342645,0.3762,0.4981,4.687265,0.6572378030838915
2023-24,0022300211,2023-11-19,TOR,DET,1,142,113,29,0.796561813968603,12,13,1,0,314,1,3,0,0,10.019147,4.257158,1.666239,2.132383,2.342645,0.7515,0.5484,9.480798,0.7886450573071104
2023-24,0022300214,2023-11-19,UTA,PHX,0,137,140,-3,0.3121193107690664,12,12,1,0,314,0,2,0,0,-7.467637,-3.164419,-1.322374,-0.746096,2.342645,0.6598,0.1931,-2.973383,0.398200230284285
2023-24,0022300213,2023-11-19,MEM,BOS,0,100,102,-2,0.142341486589658,12,12,1,0,314,3,1,1,0,-12.686319,-10.875173,-6.674471,-0.990554,1.029148,0.5761,0.6096,-10.751598,0.18343029753461534
2023-24,0022300219,2023-11-20,WAS,MIL,0,129,142,-13,0.1811432968376197,12,13,1,0,314,1,2,0,0,-10.117775,-0.739992,-0.24571,-1.173651,2.342645,0.5176,0.5068,-3.086238,0.394450135078871
2023-24,0022300220,2023-11-20,CHI,MIA,0,100,118,-18,0.44632827295194966,14,13,1,0,314,0,0,0,0,-2.961534,-3.433995,-2.321716,0.090464,2.342645,0.8551,0.7009,-0.855119,0.4703432052668092
2023-24,0022300223,2023-11-20,SAS,LAC,0,99,124,-25,0.2034381860313969,13,11,1,0,314,2,1,0,0,-11.619732,-9.982016,-4.602495,-2.467133,2.342645,0.6978,0.6096,-8.458229,0.23599675481095808
2023-24,0022300224,2023-11-20,GSW,HOU,1,121,116,5,0.7460369236801184,14,11,1,0,314,3,1,0,1,5.127664,-1.076264,0.074891,2.690146,5.080928,0.6055,0.4981,7.106628,0.7285012316892177
2023-24,0022300218,2023-11-20,DET,DEN,0,103,107,-4,0.2034381860313969,14,13,1,0,314,3,1,1,1,-15.5058,-9.092012,-3.812897,-2.826009,3.767431,0.5484,0.693,-8.531475,0.23416744576413495
2023-24,0022300221,2023-11-20,MIN,NYK,1,117,100,17,0.5888456496998049,12,13,1,0,314,0,0,0,0,1.086364,4.258708,2.576027,-0.881696,2.342645,0.6984,0.9061,5.015181,0.6674230726725745
2023-24,0022300217,2023-11-20,CHA,BOS,1,121,118,3,0.2277140218656496,12,13,1,0,314,3,2,0,1,-16.421774,-9.248312,-5.538743,-3.392285,5.080928,0.6102,0.6096,-7.754115,0.25408165555087137
2023-24,0022300222,2023-11-20,NOP,SAC,1,129,93,36,0.44632827295194966,13,12,1,0,314,3,3,0,1,-1.378937,-1.450552,-0.697809,-0.25269,5.080928,0.5909,0.813,3.666183,0.6246170699895554
2023-24,0022300042,2023-11-21,LAL,UTA,1,131,99,32,0.7460369236801184,14,13,1,0,314,0,0,0,0,6.439982,4.747473,1.697144,0.539335,2.342645,0.3762,0.6598,7.936373,0.7506859399968594
2023-24,0022300039,2023-11-21,ATL,IND,0,152,157,-5,0.6231343912109123,12,12,1,0,314,1,1,0,0,4.625726,-0.355376,0.897332,0.848072,2.342645,0.8019,0.8529,4.47782,0.6506549790471818
2023-24,0022300038,2023-11-21,ORL,TOR,1,126,107,19,0.5536717270480503,13,13,1,0,314,1,0,0,0,-5.288342,0.747151,0.425397,-1.07306,2.342645,0.7738,0.7515,0.07205,0.5025017185181411
2023-24,0022300041,2023-11-21,PHX,POR,1,120,107,13,0.857658513410342,13,13,1,0,314,2,0,0,0,9.457739,2.433483,1.299119,1.587415,2.342645,0.1931,0.3903,8.288256,0.7597203039407557
2023-24,0022300040,2023-11-21,PHI,CLE,0,119,122,-3,0.7460369236801184,13,13,1,0,314,1,2,0,0,3.990107,3.343087,2.132391,-0.179929,2.342645,0.6444,0.6297,6.009242,0.6973302726917385
2023-24,0022300225,2023-11-22,CHA,WAS,1,117,114,3,0.6231343912109123,13,13,1,0,412,3,1,0,0,-0.015189,1.17976,0.14293,-0.938855,2.25041,0.6102,0.5176,2.832695,0.5971081024768161
2023-24,0022300236,2023-11-22,PHX,GSW,1,123,115,8,0.6231343912109123,14,15,1,0,412,2,2,1,0,1.879864,0.784476,0.261098,0.067348,0.721901,0.1931,0.6055,2.054071,0.5708420766437081
2023-24,0022300235,2023-11-22,SAS,LAC,0,102,109,-7,0.2539630763198815,14,12,1,0,412,3,3,0,0,-11.595141,-15.02554,-6.021825,-1.648651,2.25041,0.6978,0.6096,-11.059931,0.17710272066065136
2023-24,0022300233,2023-11-22,NOP,SAC,1,117,112,5,0.44632827295194966,14,13,1,0,412,3,4,0,0,1.286094,-0.371213,-0.051351,-0.148674,2.25041,0.5909,0.813,2.707851,0.5929298081937608
2023-24,0022300230,2023-11-22,IND,TOR,0,131,132,-1,0.5888456496998049,13,14,1,0,412,5,3,1,1,-5.837549,2.290176,0.618163,-0.816684,3.540741,0.8529,0.7515,1.767054,0.5610499221054113
2023-24,0022300231,2023-11-22,HOU,MEM,1,111,91,20,0.656232981418711,12,13,1,0,412,0,3,0,0,0.760274,7.368036,3.170857,-2.272249,2.25041,0.4981,0.5761,6.314565,0.7062049163721215
2023-24,0022300226,2023-11-22,ORL,DEN,1,124,119,5,0.37686560878908776,14,14,1,0,412,0,2,1,0,-7.106425,-2.787818,-0.429916,-1.133091,0.721901,0.7738,0.693,-4.225221,0.3573611041098513
2023-24,0022300237,2023-11-22,POR,UTA,1,121,105,16,0.37686560878908776,14,14,1,0,412,3,0,1,1,-3.332233,-4.547693,-1.899748,-0.488568,3.540741,0.3903,0.6598,-0.399222,0.4861416614994502
2023-24,0022300238,2023-11-22,LAL,DAL,0,101,104,-3,0.5179520501205839,15,14,1,0,412,1,1,1,0,-1.506745,-0.098075,0.219832,0.175622,0.721901,0.3762,0.5023,-0.080509,0.4972045682468182
2023-24,0022300229,2023-11-22,CLE,MIA,0,96,129,-33,0.5179520501205839,14,14,1,0,412,2,2,1,0,-0.91204,2.383722,-0.090397,0.642092,0.721901,0.6297,0.7009,1.457742,0.5504438358939714
2023-24,0022300234,2023-11-22,OKC,CHI,1,116,102,14,0.7178674702465342,14,15,1,0,412,2,1,0,0,2.760005,11.085779,4.768823,-0.041911,2.25041,0.7616,0.8551,9.173302,0.7814386245503103
2023-24,0022300232,2023-11-22,MIN,PHI,1,112,99,13,0.7178674702465342,13,14,1,0,412,1,2,0,1,4.693208,4.079549,0.87588,-0.726795,5.06925,0.6984,0.6444,9.455629,0.7880617940699648
2023-24,0022300227,2023-11-22,ATL,BKN,1,147,145,2,0.6231343912109123,13,13,1,0,412,1,2,1,0,2.760553,-0.215517,0.886143,-0.03125,0.721901,0.8019,0.5381,1.994419,0.5688112152726389
2023-24,0022300228,2023-11-22,BOS,MIL,1,119,116,3,0.7178674702465342,14,14,1,0,412,3,3,0,0,7.070592,5.364056,3.500149,0.526447,2.25041,0.6096,0.5068,8.467734,0.7642411949736869
2023-24,0022300046,2023-11-24,TOR,CHI,1,121,108,13,0.656232981418711,15,16,1,0,412,2,0,0,0,3.183887,4.305144,1.379573,0.063201,2.25041,0.7515,0.8551,5.994925,0.6969104340721756
2023-24,0022300047,2023-11-24,IND,DET,1,136,113,23,0.796561813968603,14,15,1,0,412,4,2,0,0,4.986938,7.39115,2.559575,0.505991,2.25041,0.8529,0.5484,8.439454,0.7635327779998745
2023-24,0022300050,2023-11-24,MIN,SAC,0,111,124,-13,0.656232981418711,14,14,1,0,412,1,5,0,0,5.686497,7.71463,3.154727,-0.454468,2.25041,0.6984,0.813,8.950973,0.7761189229589439
2023-24,0022300044,2023-11-24,MEM,PHX,0,89,110,-21,0.37686560878908776,14,15,1,0,412,3,4,0,0,-4.344525,-6.944563,-3.361786,0.286772,2.25041,0.5761,0.1931,-3.394134,0.38428316912145954
2023-24,0022300043,2023-11-24,ORL,BOS,1,113,96,17,0.3121193107690664,15,15,1,0,412,0,2,0,0,-11.888207,-4.309448,-2.438461,-1.450553,2.25041,0.7738,0.6096,-5.848417,0.3074048217764405
2023-24,0022300051,2023-11-24,GSW,SAS,1,118,112,6,0.8188567031623804,16,15,1,0,412,2,3,0,0,10.469934,11.613591,5.035682,1.859578,2.25041,0.6055,0.6978,13.292173,0.8636726839610163
2023-24,0022300052,2023-11-24,LAC,NOP,0,106,116,-10,0.6878806892309335,13,15,1,0,412,0,3,0,0,6.244185,3.426587,1.355131,-0.243456,2.25041,0.6096,0.5909,7.085796,0.7279285833210354
2023-24,0022300048,2023-11-24,HOU,DEN,1,105,86,19,0.37686560878908776,13,15,1,0,412,0,1,0,0,-5.252843,-4.852761,-1.267586,-2.414623,2.25041,0.4981,0.693,-2.802392,0.4039048252625913
2023-24,0022300049,2023-11-24,MIL,WAS,1,131,128,3,0.8743142556725981,15,14,1,0,412,1,1,0,0,10.122801,10.031237,3.445075,0.734588,2.25041,0.5068,0.5176,12.327429,0.847114027049292
2023-24,0022300045,2023-11-24,NYK,MIA,1,100,98,2,0.6878806892309335,14,15,1,0,412,2,2,0,0,2.887593,3.580577,0.06863,0.341923,2.25041,0.9061,0.7009,5.484495,0.6817303904163903
2023-24,0022300244,2023-11-25,LAC,DAL,1,107,88,19,0.5179520501205839,14,15,1,0,412,0,1,1,0,1.619349,2.526164,0.881561,0.034559,0.721901,0.6096,0.5023,2.794657,0.5958365108960041
2023-24,0022300243,2023-11-25,UTA,NOP,1,105,100,5,0.41115435030019515,15,16,1,0,412,2,3,0,1,-4.016627,-6.442463,-2.229469,-0.429063,5.06925,0.6598,0.5909,-0.160295,0.49443443821592803
2023-24,0022300239,2023-11-25,OKC,PHI,0,123,127,-4,0.44632827295194966,15,15,1,0,412,4,2,0,0,-4.588761,2.139175,0.673365,-0.551404,2.25041,0.7616,0.6444,1.025617,0.5355515996210908
2023-24,0022300240,2023-11-25,BKN,MIA,1,112,97,15,0.7460369236801184,14,16,1,0,412,1,3,0,1,2.011028,-0.05463,-1.30194,-0.046427,5.06925,0.5381,0.7009,6.047449,0.698449099731849
2023-24,0022300242,2023-11-25,CLE,LAL,0,115,121,-6,0.656232981418711,15,16,1,0,412,3,2,0,0,0.103592,2.453841,0.596414,0.631352,2.25041,0.6297,0.3762,3.529127,0.6201432996484768
2023-24,0022300241,2023-11-25,WAS,ATL,0,108,136,-28,0.2277140218656496,15,14,1,0,412,2,0,1,0,-6.231346,-8.400636,-3.598742,-0.288798,0.721901,0.5176,0.8019,-6.59409,0.28580507633941415
2023-24,0022300247,2023-11-26,NYK,PHX,0,113,116,-3,0.7178674702465342,15,16,1,0,412,2,2,0,0,4.388594,3.653931,0.699953,0.193971,2.25041,0.9061,0.1931,6.271673,0.7049673912822588
2023-24,0022300248,2023-11-26,ORL,CHA,1,130,117,13,0.7178674702465342,16,14,1,0,412,1,2,0,0,3.427436,9.906086,3.910366,0.749337,2.25041,0.7738,0.6102,8.917171,0.7753021121891989
2023-24,0022300246,2023-11-26,BOS,ATL,1,113,103,10,0.7460369236801184,16,15,1,0,412,4,2,0,1,4.378094,6.994657,3.430938,0.972237,5.06925,0.6096,0.8019,10.755626,0.8166534802163574
2023-24,0022300251,2023-11-26,CLE,TOR,1,105,102,3,0.6231343912109123,16,16,1,0,412,3,2,1,0,1.157594,3.891357,1.578069,0.554249,0.721901,0.6297,0.7515,3.246376,0.6108497707969576
2023-24,0022300252,2023-11-26,DEN,SAS,1,132,120,12,0.8188567031623804,16,16,1,0,412,1,0,0,0,10.757048,17.674302,6.717021,2.356072,2.25041,0.693,0.6978,16.466085,0.9077909880910447
2023-24,0022300250,2023-11-26,BKN,CHI,1,118,109,9,0.5888456496998049,15,17,1,0,412,2,1,1,0,2.25093,5.758149,1.771456,-0.071069,0.721901,0.5381,0.8551,4.72644,0.6584624858617435
2023-24,0022300245,2023-11-26,MIL,POR,1,108,102,6,0.857658513410342,16,15,1,0,412,1,5,0,0,9.161724,13.223079,4.694849,1.172609,2.25041,0.5068,0.3903,13.442812,0.8661174045925889
2023-24,0022300249,2023-11-26,MEM,MIN,0,97,119,-22,0.2821325297534659,15,15,1,0,412,1,1,0,0,-7.783466,-14.231291,-5.844534,0.627384,2.25041,0.5761,0.6984,-8.756968,0.22859782665472272
2023-24,0022300257,2023-11-27,LAC,DEN,0,104,113,-9,0.8392015046448209,15,17,1,0,412,0,3,0,1,9.109608,-2.648762,-0.634858,-0.70742,5.06925,0.6096,0.693,8.299673,0.7600096507450895
2023-24,0022300253,2023-11-27,DET,WAS,0,107,126,-19,0.5888456496998049,16,16,1,0,412,2,0,0,0,-2.963247,2.062173,0.394694,-0.868358,2.25041,0.5484,0.5176,1.799873,0.5621721701960114
2023-24,0022300255,2023-11-27,PHI,LAL,1,138,94,44,0.6878806892309335,16,17,1,0,412,2,2,0,0,3.115021,3.203945,1.767024,0.523394,2.25041,0.6444,0.3762,5.409893,0.6794780246769064
2023-24,0022300256,2023-11-27,UTA,NOP,1,114,112,2,0.2821325297534659,16,17,1,0,412,1,1,0,0,-4.704356,-6.442463,-2.229469,-0.429063,2.25041,0.6598,0.5909,-3.322999,0.38662348403027075
2023-24,0022300254,2023-11-27,IND,POR,0,110,114,-4,0.8392015046448209,15,16,1,0,412,2,5,0,1,3.891149,12.645165,4.2906,0.075655,5.06925,0.8529,0.3903,13.337408,0.8644107222666196
2023-24,0022300057,2023-11-28,NYK,CHA,1,115,91,24,0.8392015046448209,16,15,1,0,412,1,1,0,0,10.531723,11.0716,3.798448,1.647254,2.25041,0.9061,0.6102,13.052072,0.859698462020915
2023-24,0022300053,2023-11-28,BOS,CHI,1,124,97,27,0.857658513410342,17,18,1,0,412,2,0,0,0,11.843513,12.537289,5.977763,0.869918,2.25041,0.6096,0.8551,14.440811,0.8813909233018021
2023-24,0022300059,2023-11-28,DAL,HOU,1,121,115,6,0.656232981418711,16,14,1,0,412,0,0,0,0,6.597847,-0.322164,-0.004128,1.672643,2.25041,0.5023,0.4981,5.388251,0.678823045662217
2023-24,0022300055,2023-11-28,CLE,ATL,1,128,105,23,0.656232981418711,17,16,1,0,412,3,1,0,0,-2.331021,2.653869,0.436174,0.719769,2.25041,0.6297,0.8019,2.411834,0.5829698657775076
2023-24,0022300056,2023-11-28,MIA,MIL,0,124,131,-7,0.34376701858128905,17,17,1,0,412,2,0,0,0,-5.385682,-1.360454,0.599333,-0.368112,2.25041,0.7009,0.5068,-1.122658,0.46109761085850126
2023-24,0022300054,2023-11-28,BKN,TOR,1,115,103,12,0.5536717270480503,16,17,1,0,412,1,1,0,0,-1.767146,1.453005,0.366526,-0.134269,2.25041,0.5381,0.7515,2.093339,0.5721776757563966
2023-24,0022300058,2023-11-28,MIN,OKC,1,106,103,3,0.6231343912109123,16,16,1,0,412,1,3,0,0,4.167317,1.940374,0.182728,-0.175391,2.25041,0.6984,0.7616,5.304256,0.6762742985508257
2023-24,0022300060,2023-11-28,SAC,GSW,1,124,123,1,0.5536717270480503,15,17,1,0,412,3,1,0,0,-5.510358,0.356575,-0.567017,0.181204,2.25041,0.813,0.6055,-0.326481,0.4886657796119092
2023-24,0022300258,2023-11-29,DET,LAL,0,107,133,-26,0.2277140218656496,17,18,1,0,514,0,1,0,0,-14.049255,-6.057188,-2.864999,-0.714456,2.302602,0.5484,0.3762,-7.75062,0.2541736826264341
2023-24,0022300262,2023-11-29,NOP,PHI,1,124,114,10,0.5888456496998049,18,17,1,0,514,2,3,0,0,-0.675411,-4.441631,-3.139479,-0.254972,2.302602,0.5909,0.6444,-0.25592,0.49111483940914824
2023-24,0022300261,2023-11-29,MEM,UTA,1,105,91,14,0.6231343912109123,16,17,1,0,514,3,2,0,0,2.831399,-0.683086,-1.152363,0.417356,2.302602,0.5761,0.6598,3.376758,0.6151456657744864
2023-24,0022300260,2023-11-29,TOR,PHX,1,112,105,7,0.41115435030019515,18,17,1,0,514,1,2,1,0,-2.979857,-1.363115,-1.496125,-0.070311,0.686367,0.7515,0.1931,-1.485119,0.44861543264653697
2023-24,0022300259,2023-11-29,ORL,WAS,1,139,120,19,0.8188567031623804,17,17,1,0,514,1,1,0,0,5.424771,12.468747,5.151437,-0.109958,2.302602,0.7738,0.5176,11.249361,0.8266990757055155
2023-24,0022300263,2023-11-29,DEN,HOU,1,134,124,10,0.8188567031623804,18,15,1,0,514,2,2,0,1,4.078787,2.397595,0.580058,1.295991,5.118508,0.693,0.4981,8.356699,0.7614512906951706
2023-24,0022300264,2023-11-29,SAC,LAC,0,117,131,-14,0.44632827295194966,16,16,1,0,514,1,1,1,0,-9.611357,-1.355177,-0.976989,0.225744,0.686367,0.813,0.6096,-4.796899,0.33934016800132755
2023-24,0022300268,2023-11-30,NYK,DET,1,118,112,6,0.8892726820276319,17,18,1,0,514,0,1,0,1,13.484096,11.928433,4.488029,0.896492,5.118508,0.9061,0.5484,17.824773,0.9224179873995969
2023-24,0022300273,2023-11-30,GSW,LAC,1,120,114,6,0.5888456496998049,18,17,1,0,514,4,1,0,1,-4.740968,-3.138474,-0.929064,0.082033,5.118508,0.6055,0.6096,1.178787,0.5408389135161182
2023-24,0022300269,2023-11-30,CHI,MIL,1,120,113,7,0.1811432968376197,19,18,1,0,514,2,2,0,0,-8.113009,-7.907294,-3.808674,-0.138269,2.302602,0.8551,0.5068,-5.70755,0.3115859514661699
2023-24,0022300272,2023-11-30,SAS,ATL,0,135,137,-2,0.2821325297534659,17,17,1,0,514,1,2,0,0,-9.0061,-12.042994,-5.557258,-0.845219,2.302602,0.6978,0.8019,-8.221945,0.24196492963519758
2023-24,0022300267,2023-11-30,MIA,IND,1,142,132,10,0.6231343912109123,18,16,1,0,514,3,3,0,0,4.431079,1.162284,1.434993,0.379887,2.302602,0.7009,0.8529,5.099283,0.6700107652651616
2023-24,0022300271,2023-11-30,OKC,LAL,1,133,110,23,0.656232981418711,17,19,1,0,514,0,3,0,1,-3.360381,6.689311,3.328316,0.002439,5.118508,0.7616,0.3762,6.782973,0.7195195404834807
2023-24,0022300266,2023-11-30,BKN,CHA,0,128,129,-1,0.7722859781343504,17,16,1,0,514,1,2,0,0,6.539442,8.602497,3.914248,0.704049,2.302602,0.5381,0.6102,9.873571,0.7975948474108102
2023-24,0022300270,2023-11-30,MIN,UTA,1,101,90,11,0.8392015046448209,17,18,1,0,514,2,3,0,1,8.676833,14.966272,6.243926,0.064417,5.118508,0.6984,0.6598,16.940061,0.9131554360675179
2023-24,0022300265,2023-11-30,CLE,POR,0,95,103,-8,0.857658513410342,18,17,1,0,514,6,5,0,0,11.039855,9.881981,4.026702,0.590663,2.302602,0.6297,0.3903,12.76352,0.8547944983635769
2023-24,0022300279,2023-12-01,PHX,DEN,0,111,119,-8,0.5179520501205839,18,19,1,0,514,2,3,0,0,1.730484,-3.525011,0.053783,-0.092774,2.302602,0.1931,0.693,1.405338,0.5486421263505806
2023-24,0022300277,2023-12-01,DAL,MEM,0,94,108,-14,0.6878806892309335,17,17,1,0,514,4,0,0,0,4.906391,8.85097,4.140052,-0.341833,2.302602,0.5023,0.5761,9.181282,0.7816278586439553
2023-24,0022300275,2023-12-01,BOS,PHI,1,125,119,6,0.8392015046448209,18,18,1,0,514,2,5,0,0,8.867011,0.578269,0.819504,0.005503,2.302602,0.6096,0.6444,7.025242,0.7262597488007242
2023-24,0022300274,2023-12-01,ORL,WAS,1,130,125,5,0.8188567031623804,18,18,1,0,514,1,4,0,0,5.995142,12.468747,5.151437,-0.109958,2.302602,0.7738,0.5176,11.534546,0.832300557934651
2023-24,0022300276,2023-12-01,TOR,NYK,0,106,119,-13,0.5536717270480503,19,18,1,0,514,1,0,0,1,-1.978525,-4.864584,-1.611654,-0.167297,5.118508,0.7515,0.9061,1.696953,0.5586507411153937
2023-24,0022300278,2023-12-01,NOP,SAS,1,121,106,15,0.857658513410342,19,18,1,0,514,2,2,0,1,8.16308,12.476136,5.12646,0.901582,5.118508,0.5909,0.6978,15.438116,0.8951239313168837
2023-24,0022300291,2023-12-02,LAL,HOU,1,107,97,10,0.656232981418711,20,16,1,0,514,1,0,0,0,5.537542,-3.497192,-1.525875,1.118167,2.302602,0.3762,0.4981,3.322777,0.6133691918159475
2023-24,0022300281,2023-12-02,CHA,MIN,0,117,123,-6,0.3121193107690664,17,18,1,0,514,2,1,0,0,-8.364102,-14.090907,-6.434631,-0.641378,2.302602,0.6102,0.6984,-8.924903,0.2245108722017664
2023-24,0022300286,2023-12-02,MIL,ATL,1,132,121,11,0.7178674702465342,19,18,1,0,514,1,2,0,0,3.430748,1.45165,0.214101,0.141356,2.302602,0.5068,0.8019,4.743801,0.6590045309241209
2023-24,0022300290,2023-12-02,SAC,DEN,1,123,117,6,0.6231343912109123,17,20,1,0,514,5,1,0,1,-3.154041,-3.591605,-1.298911,-0.006167,5.118508,0.813,0.693,1.745685,0.5603188649670101
2023-24,0022300282,2023-12-02,BKN,ORL,1,129,101,28,0.5888456496998049,18,19,1,0,514,2,1,0,1,4.115145,-2.568336,-0.927719,0.247121,5.118508,0.5381,0.7738,5.891913,0.6938798704630555
2023-24,0022300284,2023-12-02,MIA,IND,0,129,144,-15,0.656232981418711,19,17,1,0,514,4,3,0,0,3.457969,1.162284,1.434993,0.379887,2.302602,0.7009,0.8529,4.612728,0.6549018867392624
2023-24,0022300287,2023-12-02,DAL,OKC,0,120,126,-6,0.3121193107690664,18,18,1,0,514,4,0,1,0,0.089545,-4.958958,-2.619315,-0.073806,0.686367,0.5023,0.7616,-1.748339,0.43959031721000136
2023-24,0022300280,2023-12-02,LAC,GSW,1,113,112,1,0.656232981418711,18,19,1,0,514,1,4,0,0,4.740968,3.138474,0.610346,-0.082033,2.302602,0.6096,0.6055,6.242323,0.704118856427676
2023-24,0022300288,2023-12-02,PHX,MEM,1,116,109,7,0.8188567031623804,19,18,1,0,514,2,3,1,1,6.947523,9.490393,5.384291,-0.185416,3.502274,0.1931,0.5761,11.721232,0.8358884589114053
2023-24,0022300283,2023-12-02,DET,CLE,0,101,110,-9,0.2034381860313969,19,19,1,0,514,2,4,0,0,-10.41944,-8.412125,-3.871798,-0.913944,2.302602,0.5484,0.6297,-7.113181,0.271318806779363
2023-24,0022300289,2023-12-02,UTA,POR,1,118,113,5,0.5536717270480503,19,18,1,0,514,4,2,0,0,0.734153,1.089513,0.716301,0.244284,2.302602,0.6598,0.3903,3.214435,0.6097946922952447
2023-24,0022301202,2023-12-04,IND,BOS,1,122,112,10,0.34376701858128905,18,19,1,0,514,3,2,0,0,-10.599804,-5.756344,-3.946322,-0.678073,2.302602,0.8529,0.6096,-5.875472,0.3066053689908757
2023-24,0022301204,2023-12-04,SAC,NOP,0,117,127,-10,0.6231343912109123,18,21,1,0,514,2,2,0,0,0.127627,-0.047798,-0.056496,0.148488,2.302602,0.813,0.5909,2.342516,0.5806274002619125
2023-24,0022301201,2023-12-05,MIL,NYK,1,146,122,24,0.656232981418711,20,19,1,0,514,1,0,0,0,1.773625,-2.501757,-0.608367,-0.073874,2.302602,0.5068,0.9061,1.938536,0.5669065815391575
2023-24,0022301210,2023-12-06,MIN,SAS,1,102,94,8,0.857658513410342,19,19,1,0,590,0,1,0,0,11.982602,17.703006,8.36015,0.265313,2.293307,0.6984,0.6978,17.136111,0.9152906273455543
2023-24,0022301213,2023-12-06,DAL,UTA,1,147,97,50,0.8392015046448209,19,20,1,0,590,2,2,0,0,8.639043,7.832552,3.121687,-0.001864,2.293307,0.5023,0.6598,10.529105,0.8118957518159908
2023-24,0022301208,2023-12-06,WAS,PHI,0,126,131,-5,0.1811432968376197,19,19,1,0,590,4,3,0,0,-12.53404,-11.649774,-6.511013,-0.145036,2.293307,0.5176,0.6444,-9.7986,0.20409136848863668
2023-24,0022301214,2023-12-06,GSW,POR,1,110,106,4,0.857658513410342,20,19,1,0,590,2,2,0,0,10.533161,7.062208,3.624148,0.108467,2.293307,0.6055,0.3903,11.090992,0.8235251192430033
2023-24,0022301211,2023-12-06,CHI,CHA,1,111,100,11,0.6722525628930864,21,18,1,0,590,1,4,0,0,1.999085,1.403925,0.092647,0.329038,2.293307,0.8551,0.6102,3.994812,0.6352566174089693
2023-24,0022301212,2023-12-06,HOU,OKC,1,110,101,9,0.44632827295194966,17,19,1,0,590,2,1,0,0,-1.061106,-4.708733,-2.377989,-0.654173,2.293307,0.4981,0.7616,-0.591612,0.47946945502456795
2023-24,0022301215,2023-12-06,LAC,DEN,1,111,102,9,0.5179520501205839,19,21,1,0,590,1,2,0,0,0.89602,-2.411255,-0.53739,0.002922,2.293307,0.6096,0.693,1.535689,0.5531213116450006
2023-24,0022301206,2023-12-06,DET,MEM,0,102,116,-14,0.44632827295194966,20,19,1,0,590,2,0,0,0,-5.812908,-1.913882,-1.119766,-0.08406,2.293307,0.5484,0.5761,-1.570088,0.4456980821266666
2023-24,0022301209,2023-12-06,ATL,BKN,0,113,114,-1,0.6231343912109123,19,19,1,0,590,1,2,0,0,0.380828,-2.483074,-0.734022,-0.004464,2.293307,0.8019,0.5381,1.242184,0.5430247220015539
2023-24,0022301229,2023-12-07,MIL,IND,0,119,128,-9,0.6878806892309335,21,19,1,0,590,1,0,0,0,6.071276,1.634148,1.02008,0.082163,2.293307,0.5068,0.8529,6.146019,0.7013246564417834
2023-24,0022301228,2023-12-08,PHX,SAC,0,106,114,-8,0.37686560878908776,21,19,1,0,590,2,0,0,0,1.52528,0.605368,1.467783,-0.059358,2.293307,0.1931,0.813,3.358631,0.6145494521023234
2023-24,0022301216,2023-12-08,CHA,TOR,1,119,116,3,0.3121193107690664,19,21,1,0,590,3,1,0,0,-7.992573,-5.472335,-2.546585,-0.329038,2.293307,0.6102,0.7515,-4.439147,0.3505669124442363
2023-24,0022301224,2023-12-08,DEN,HOU,0,106,114,-8,0.796561813968603,22,18,1,0,590,1,1,0,0,6.126197,3.511935,1.160065,0.631435,2.293307,0.693,0.4981,7.112373,0.7286590204251322
2023-24,0022300298,2023-12-11,HOU,SAS,1,93,82,11,0.7722859781343504,19,21,1,0,590,1,1,0,0,5.564361,12.07521,5.855571,-0.360556,2.293307,0.4981,0.6978,11.113092,0.8239707777003311
2024-25,0022400061,2024-10-22,BOS,NYK,1,132,109,23,0.6878806892309335,0,0,1,1,0,0,0,0,0,0.0,5.054854,0.0,3.96132,2.289091,0.5556,0.5556,4.816518,0.661270428629399
2024-25,0022400062,2024-10-22,LAL,MIN,1,110,103,7,0.44632827295194966,0,0,1,1,0,0,0,0,0,0.0,-5.5628,0.0,-3.075969,2.289091,0.5556,0.5556,-0.492309,0.48291258418150157
2024-25,0022400067,2024-10-23,TOR,CLE,0,106,136,-30,0.2821325297534659,0,0,1,1,0,0,0,0,0,0.0,-7.312823,0.0,-4.485681,2.289091,0.5556,0.5556,-1.367321,0.45266575975297313
2024-25,0022400064,2024-10-23,ATL,BKN,1,120,116,4,0.7460369236801184,0,0,1,1,0,0,0,0,0,0.0,-0.314862,0.0,0.287219,2.289091,0.5556,0.5556,2.13166,0.5734800136365634
2024-25,0022400071,2024-10-23,LAC,PHX,0,113,116,-3,0.34376701858128905,0,0,1,1,0,0,0,0,0,0.0,1.105805,0.0,0.232337,2.289091,0.5556,0.5556,2.841993,0.5974187359088717
2024-25,0022400070,2024-10-23,UTA,MEM,0,124,126,-2,0.41115435030019515,0,0,1,1,0,0,0,0,0,0.0,-0.528416,0.0,1.25493,2.289091,0.5556,0.5556,2.024883,0.5698486562925316
2024-25,0022400063,2024-10-23,DET,IND,0,109,115,-6,0.3121193107690664,0,0,1,1,0,0,0,0,0,0.0,-10.360417,0.0,-6.702809,2.289091,0.5556,0.5556,-2.891118,0.40094140468589995
2024-25,0022400072,2024-10-23,POR,GSW,0,104,140,-36,0.2539630763198815,0,0,1,1,0,0,0,0,0,0.0,-10.103948,0.0,-6.00941,2.289091,0.5556,0.5556,-2.762883,0.4052266702045639
2024-25,0022400065,2024-10-23,MIA,ORL,0,97,116,-19,0.5536717270480503,0,0,1,1,0,0,0,0,0,0.0,-1.065913,0.0,-0.521912,2.289091,0.5556,0.5556,1.756134,0.560676371289293
2024-25,0022400068,2024-10-23,HOU,CHA,0,105,110,-5,0.7722859781343504,0,0,1,1,0,0,0,0,0,0.0,8.760366,0.0,6.2245,2.289091,0.5556,0.5556,6.669274,0.7163216044374136
2024-25,0022400066,2024-10-23,PHI,MIL,0,109,124,-15,0.34376701858128905,0,0,1,1,0,0,0,0,0,0.0,0.071259,0.0,0.210614,2.289091,0.5556,0.5556,2.32472,0.5800254365462041
2024-25,0022400069,2024-10-23,NOP,CHI,1,123,111,12,0.6878806892309335,0,0,1,1,0,0,0,0,0,0.0,5.281779,0.0,3.054754,2.289091,0.5556,0.5556,4.92998,0.6647912208140515
2024-25,0022400074,2024-10-24,DAL,SAS,1,120,109,11,0.7722859781343504,0,0,1,1,0,0,0,0,0,0.0,7.759049,0.0,5.281826,2.289091,0.5556,0.5556,6.168616,0.7019816411673298
2024-25,0022400073,2024-10-24,WAS,BOS,0,102,122,-20,0.11072731797236822,0,1,1,1,0,0,0,0,0,0.0,-15.136434,0.0,-11.237742,2.289091,0.5556,0.5556,-5.279126,0.32449028006479635
2024-25,0022400075,2024-10-24,DEN,OKC,0,87,102,-15,0.5888456496998049,0,0,1,1,0,0,0,0,0,0.0,-2.753834,0.0,-1.61343,2.289091,0.5556,0.5556,0.912174,0.5316304134812758
2024-25,0022400076,2024-10-24,SAC,MIN,0,115,117,-2,0.5179520501205839,0,1,1,1,0,0,0,0,0,0.0,-4.371917,0.0,-2.437559,2.289091,0.5556,0.5556,0.103132,0.5035809186255924
2024-25,0022400083,2024-10-25,MIL,CHI,0,122,133,-11,0.796561813968603,1,1,1,1,0,0,0,0,0,0.0,3.265855,0.0,2.209038,2.289091,0.5556,0.5556,3.922018,0.6329108289836395
2024-25,0022400086,2024-10-25,POR,NOP,0,103,105,-2,0.2821325297534659,1,1,1,1,0,0,0,0,0,0.0,-12.787494,0.0,-6.766569,2.289091,0.5556,0.5556,-4.104656,0.36121579148247723
2024-25,0022400078,2024-10-25,TOR,PHI,1,115,107,8,0.3121193107690664,1,1,1,1,0,0,0,0,0,0.0,-7.365804,0.0,-5.002999,2.289091,0.5556,0.5556,-1.393811,0.4517543598143122
2024-25,0022400079,2024-10-25,ATL,CHA,1,125,120,5,0.6878806892309335,1,1,1,1,0,0,0,0,0,0.0,5.580541,0.0,4.220534,2.289091,0.5556,0.5556,5.079361,0.6693987256581916
2024-25,0022400082,2024-10-25,HOU,MEM,1,128,108,20,0.6231343912109123,1,1,1,1,0,0,0,0,0,0.0,6.64873,0.0,4.330485,2.289091,0.5556,0.5556,5.613456,0.6856039497332064
2024-25,0022400077,2024-10-25,ORL,BKN,1,116,101,15,0.8392015046448209,1,1,1,1,0,0,0,0,0,0.0,4.339541,0.0,2.731662,2.289091,0.5556,0.5556,4.458861,0.6500562073744117
2024-25,0022400081,2024-10-25,NYK,IND,1,123,98,25,0.656232981418711,1,1,1,1,0,0,0,0,0,0.0,0.505226,0.0,0.423795,2.289091,0.5556,0.5556,2.541704,0.5873483818167468
2024-25,0022400085,2024-10-25,LAL,PHX,1,123,116,7,0.5536717270480503,1,1,1,1,0,0,0,0,0,0.0,-0.996359,0.0,-0.720486,2.289091,0.5556,0.5556,1.790911,0.5618657771232776
2024-25,0022400084,2024-10-25,UTA,GSW,0,86,127,-41,0.2821325297534659,1,1,1,1,0,0,0,0,0,0.0,-8.087064,0.0,-3.767773,2.289091,0.5556,0.5556,-1.754441,0.4393815433975863
2024-25,0022400080,2024-10-25,CLE,DET,1,113,101,12,0.8188567031623804,1,1,1,1,0,0,0,0,0,0.0,10.281495,0.0,5.899518,2.289091,0.5556,0.5556,7.429838,0.7372883404786512
2024-25,0022400096,2024-10-26,LAL,SAC,1,131,127,4,0.5179520501205839,2,1,1,1,0,0,0,1,0,0.0,-1.190883,0.0,-0.63841,0.165085,0.5556,0.5556,-0.430357,0.48506150058122494
2024-25,0022400095,2024-10-26,PHX,DAL,1,114,102,12,0.37686560878908776,2,1,1,1,0,0,0,1,0,0.0,-0.480053,0.0,-0.627165,0.165085,0.5556,0.5556,-0.074942,0.49739787264014623
2024-25,0022400091,2024-10-26,CHI,OKC,0,95,114,-19,0.2034381860313969,2,1,1,1,0,0,0,1,0,0.0,-8.266619,0.0,-5.213594,0.165085,0.5556,0.5556,-3.968225,0.3655994233071265
2024-25,0022400094,2024-10-26,SAS,HOU,1,109,106,3,0.44632827295194966,1,2,1,1,0,0,0,0,1,0.0,-6.446704,0.0,-3.943487,4.84874,0.5556,0.5556,1.625388,0.5561986069824538
2024-25,0022400087,2024-10-26,DEN,LAC,0,104,109,-5,0.7460369236801184,1,1,1,1,0,0,0,0,0,0.0,1.886374,0.0,1.051276,2.289091,0.5556,0.5556,3.232278,0.610384195171679
2024-25,0022400092,2024-10-26,MEM,ORL,1,124,111,13,0.5179520501205839,2,2,1,1,0,0,0,1,1,0.0,-8.123307,0.0,-4.770962,2.724734,0.5556,0.5556,-1.33692,0.453712079673326
2024-25,0022400090,2024-10-26,WAS,CLE,0,116,135,-19,0.2034381860313969,1,2,1,1,0,0,0,0,1,0.0,-9.497431,0.0,-6.049337,4.84874,0.5556,0.5556,0.100024,0.503473001669551
2024-25,0022400093,2024-10-26,MIN,TOR,1,112,101,11,0.8892726820276319,2,2,1,1,0,0,0,0,1,0.0,11.115738,0.0,7.255382,4.84874,0.5556,0.5556,10.406609,0.8092836636867956
2024-25,0022400089,2024-10-26,DET,BOS,0,118,124,-6,0.142341486589658,2,2,1,1,0,0,0,1,0,0.0,-15.920497,0.0,-11.087923,0.165085,0.5556,0.5556,-7.795164,0.25300265144794604
2024-25,0022400088,2024-10-26,CHA,MIA,0,106,114,-8,0.3121193107690664,2,1,1,1,0,0,0,1,0,0.0,-9.16903,0.0,-6.143065,0.165085,0.5556,0.5556,-4.419431,0.35119062172613363
2024-25,0022400101,2024-10-27,GSW,LAC,0,104,112,-8,0.796561813968603,2,2,1,1,0,0,0,0,1,0.0,-1.028179,0.0,-0.251293,4.84874,0.5556,0.5556,4.33465,0.646121691410049
2024-25,0022400097,2024-10-27,IND,PHI,0,114,118,-4,0.7722859781343504,2,2,1,1,0,0,0,0,0,0.0,0.025942,0.0,0.285973,2.289091,0.5556,0.5556,2.302062,0.5792586427355537
2024-25,0022400098,2024-10-27,BKN,MIL,1,115,102,13,0.2277140218656496,2,2,1,1,0,0,0,0,0,0.0,-4.442503,0.0,-2.894846,2.289091,0.5556,0.5556,0.067839,0.5023555084429449
2024-25,0022400099,2024-10-27,POR,NOP,1,125,103,22,0.2821325297534659,2,2,1,1,0,0,0,0,0,0.0,-12.787494,0.0,-6.766569,2.289091,0.5556,0.5556,-4.104656,0.36121579148247723
2024-25,0022400100,2024-10-27,OKC,ATL,1,128,104,24,0.8188567031623804,2,2,1,1,0,0,0,1,0,0.0,9.75813,0.0,5.612184,0.165085,0.5556,0.5556,5.044149,0.6683155343160024
2024-25,0022400108,2024-10-28,MEM,CHI,0,123,126,-3,0.656232981418711,3,3,1,1,0,0,0,0,0,0.0,-4.960415,0.0,-2.725108,2.289091,0.5556,0.5556,-0.191117,0.49336438963775053
2024-25,0022400109,2024-10-28,SAS,HOU,0,101,106,-5,0.41115435030019515,2,3,1,1,0,0,0,0,0,0.0,-6.446704,0.0,-3.943487,2.289091,0.5556,0.5556,-0.934261,0.46760581396139794
2024-25,0022400103,2024-10-28,ATL,WAS,0,119,121,-2,0.7460369236801184,3,2,1,1,0,0,0,1,0,0.0,4.721788,0.0,3.748413,0.165085,0.5556,0.5556,2.525978,0.5868189213520381
2024-25,0022400111,2024-10-28,PHX,LAL,1,109,105,4,0.656232981418711,3,3,1,1,0,0,0,0,0,0.0,0.996359,0.0,0.720486,2.289091,0.5556,0.5556,2.78727,0.5955894199014716
2024-25,0022400102,2024-10-28,ORL,IND,1,119,115,4,0.6878806892309335,3,3,1,1,0,0,0,0,1,0.0,-0.200163,0.0,-0.659772,4.84874,0.5556,0.5556,4.748658,0.6591561176201691
2024-25,0022400104,2024-10-28,BOS,MIL,1,119,108,11,0.796561813968603,3,3,1,1,0,0,0,0,1,0.0,5.657281,0.0,4.881701,4.84874,0.5556,0.5556,7.67738,0.7438931739967237
2024-25,0022400106,2024-10-28,NYK,CLE,0,104,110,-6,0.5888456496998049,2,3,1,1,0,0,0,0,0,0.0,0.584149,0.0,1.227086,2.289091,0.5556,0.5556,2.581165,0.5886761062854708
2024-25,0022400107,2024-10-28,TOR,DEN,0,125,127,-2,0.2277140218656496,3,2,1,1,0,0,0,0,0,0.0,-9.541475,0.0,-6.183512,2.289091,0.5556,0.5556,-2.481647,0.4146747603737033
2024-25,0022400110,2024-10-28,DAL,UTA,1,110,102,8,0.8392015046448209,2,2,1,1,0,0,0,0,0,0.0,8.489491,0.0,4.413894,2.289091,0.5556,0.5556,6.533837,0.712483663292279
2024-25,0022400112,2024-10-28,SAC,POR,1,111,98,13,0.857658513410342,2,3,1,1,0,0,0,0,1,0.0,10.220846,0.0,5.94629,4.84874,0.5556,0.5556,9.959163,0.7995071758314869
2024-25,0022400105,2024-10-28,MIA,DET,1,106,98,8,0.7722859781343504,2,3,1,1,0,0,0,0,0,0.0,9.094341,0.0,5.521126,2.289091,0.5556,0.5556,6.836261,0.7210107331003034
2024-25,0022400115,2024-10-29,UTA,SAC,0,96,113,-17,0.2821325297534659,3,3,1,1,104,1,0,1,1,-10.665762,-9.324818,-2.541654,-3.148956,2.797078,0.6408,0.7244,-7.198212,0.2689902537401109
2024-25,0022400116,2024-10-29,GSW,NOP,1,124,106,18,0.41115435030019515,3,3,1,1,104,3,1,0,0,-0.171339,2.671961,2.627717,-0.643585,2.217754,0.7112,0.5741,3.468065,0.6181434752820538
2024-25,0022400114,2024-10-29,MIN,DAL,0,114,120,-6,0.656232981418711,3,3,1,1,104,0,1,0,1,1.59719,4.195852,0.021104,1.469071,4.839525,0.6974,0.5515,7.736046,0.7454424297482924
2024-25,0022400113,2024-10-29,BKN,DEN,0,139,144,-5,0.3121193107690664,3,3,1,1,104,1,0,0,1,-10.434387,-6.188632,-0.19736,-3.643077,4.839525,0.5115,0.7252,-3.471984,0.3817280393294766
2024-25,0022400117,2024-10-30,CHA,TOR,1,138,133,5,0.7178674702465342,3,4,1,1,104,1,3,0,0,2.361947,-1.428573,1.346399,-1.906966,2.217754,0.5902,0.4385,2.684441,0.5921447978029433
2024-25,0022400122,2024-10-30,MIA,NYK,0,107,116,-9,0.44632827295194966,3,3,1,1,104,2,1,0,0,-2.525515,-1.372658,0.197309,-1.364656,2.217754,0.7958,0.4149,0.268667,0.5093276184169189
2024-25,0022400121,2024-10-30,WAS,ATL,1,133,120,13,0.34376701858128905,3,4,1,1,104,1,4,0,0,-6.517123,-4.835656,-0.82588,-3.25347,2.217754,0.5918,0.645,-3.458636,0.38216567798019396
2024-25,0022400123,2024-10-30,CHI,ORL,1,102,99,3,0.3121193107690664,4,4,1,1,104,2,1,0,0,-5.804906,-3.949755,-1.071487,-1.636683,2.217754,0.6442,0.8685,-2.659577,0.408689463864688
2024-25,0022400124,2024-10-30,MEM,BKN,0,106,119,-13,0.857658513410342,4,4,1,1,104,0,1,0,1,5.286797,-1.966719,0.100882,-1.54976,4.839525,0.4423,0.5115,6.499564,0.7115075754438368
2024-25,0022400118,2024-10-30,CLE,LAL,1,134,110,24,0.656232981418711,4,4,1,1,104,0,0,0,0,1.348347,3.594035,1.922276,0.245014,2.217754,0.8525,0.7745,4.688945,0.6572903691483993
2024-25,0022400127,2024-10-30,LAC,POR,0,105,106,-1,0.7722859781343504,3,4,1,1,104,0,0,0,0,8.246561,12.220518,1.686675,5.088618,2.217754,0.5382,0.8641,12.451293,0.8493287838007619
2024-25,0022400119,2024-10-30,IND,BOS,1,135,132,3,0.2821325297534659,4,4,1,1,104,1,0,0,0,-8.426461,-7.589961,-3.094773,-3.508091,2.217754,0.8038,0.8474,-5.790458,0.3091213618319116
2024-25,0022400126,2024-10-30,GSW,NOP,1,104,89,15,0.6231343912109123,4,4,1,1,104,3,3,1,1,1.542257,2.671961,2.627717,-0.643585,2.797078,0.7112,0.5741,4.904187,0.6639924391750962
2024-25,0022400125,2024-10-30,OKC,SAS,1,105,93,12,0.857658513410342,3,3,1,1,104,0,1,0,0,11.547727,13.979258,2.301555,6.418949,2.217754,0.7159,0.7458,14.981246,0.8890159471507159
2024-25,0022400120,2024-10-30,PHI,DET,0,95,105,-10,0.656232981418711,3,4,1,1,104,0,0,0,0,2.279447,6.206303,0.178547,5.207062,2.217754,0.3276,0.4721,6.460628,0.7103962875230738
2024-25,0022400130,2024-10-31,UTA,SAS,0,88,106,-18,0.41115435030019515,4,4,1,1,104,2,1,0,1,-2.30783,-2.532056,-1.770819,0.737742,4.839525,0.6408,0.7458,2.419582,0.5832314606369068
2024-25,0022400131,2024-10-31,LAC,PHX,0,119,125,-6,0.34376701858128905,4,4,1,1,104,0,2,1,0,-6.06056,-0.004213,-0.09122,0.265925,0.175306,0.5382,0.6479,-2.85708,0.40207740859679214
2024-25,0022400128,2024-10-31,MEM,MIL,1,122,99,23,0.2821325297534659,5,4,1,1,104,3,0,1,0,-4.960032,-6.256452,0.057711,-3.947317,0.175306,0.4423,0.6634,-5.432936,0.3198253797557566
2024-25,0022400129,2024-10-31,DAL,HOU,0,102,108,-6,0.7178674702465342,4,4,1,1,104,1,1,0,0,3.405548,1.372851,0.100666,1.170468,2.217754,0.5515,0.9686,4.606953,0.6547205885050632
2024-25,0022400132,2024-11-01,CHA,BOS,0,109,124,-15,0.1811432968376197,4,5,1,1,104,1,2,0,0,-12.146321,-16.538805,-2.325649,-9.646236,2.217754,0.5902,0.8474,-12.124809,0.15656635547145673
2024-25,0022400134,2024-11-01,DET,NYK,0,98,128,-30,0.2821325297534659,5,4,1,1,104,0,0,0,0,-8.038829,-8.379055,-0.877618,-5.810365,2.217754,0.4721,0.4149,-5.991188,0.30319921572014674
2024-25,0022400136,2024-11-01,BKN,CHI,1,120,112,8,0.5536717270480503,5,5,1,1,104,1,1,0,0,0.517321,-1.101341,-0.444516,-0.630327,2.217754,0.5115,0.6442,1.925743,0.5664702960485068
2024-25,0022400133,2024-11-01,CLE,ORL,1,120,109,11,0.7460369236801184,5,5,1,1,104,0,2,0,0,3.696135,2.536729,1.578822,-0.114816,2.217754,0.8525,0.8685,5.334185,0.6771836831842803
2024-25,0022400140,2024-11-01,POR,OKC,0,114,137,-23,0.16079849535517896,5,4,1,1,104,0,0,0,0,-15.019773,-18.394221,-3.251812,-7.353618,2.217754,0.8641,0.7159,-14.489243,0.11790766804597118
2024-25,0022400138,2024-11-01,NOP,IND,1,125,118,7,0.34376701858128905,5,5,1,1,104,3,1,0,0,-2.306569,0.44669,0.693846,0.384652,2.217754,0.5741,0.8038,1.287814,0.5445969447029908
2024-25,0022400135,2024-11-01,ATL,SAC,0,115,123,-8,0.2821325297534659,5,4,1,1,104,4,0,0,0,-5.612659,-4.866953,-0.878095,-2.170787,2.217754,0.645,0.7244,-3.022052,0.3965814799332572
2024-25,0022400137,2024-11-01,TOR,LAL,0,125,131,-6,0.2034381860313969,5,5,1,1,104,4,0,0,0,-9.777139,-7.080138,-1.973376,-3.343531,2.217754,0.4385,0.7745,-6.210885,0.29679163283234095
2024-25,0022400139,2024-11-01,MIN,DEN,1,119,116,3,0.6231343912109123,4,4,1,1,104,0,0,0,0,-0.125734,2.078078,0.677256,0.91109,2.217754,0.6974,0.7252,3.193925,0.6091166818074334
2024-25,0022400143,2024-11-02,TOR,SAC,1,131,128,3,0.2034381860313969,6,5,1,1,104,4,1,1,1,-9.686928,-7.156492,-1.977232,-3.918593,2.797078,0.4385,0.7244,-5.624632,0.31406155809290126
2024-25,0022400150,2024-11-02,LAC,OKC,0,92,105,-13,0.3121193107690664,5,5,1,1,104,0,0,0,1,-6.773212,-6.173703,-1.512278,-2.265,4.839525,0.5382,0.7159,-1.633932,0.4435084968988557
2024-25,0022400149,2024-11-02,PHX,POR,1,103,97,6,0.857658513410342,5,6,1,1,104,2,1,0,1,13.511426,12.224731,1.806796,4.822693,4.839525,0.6479,0.8641,17.707604,0.9212453744523637
2024-25,0022400147,2024-11-02,WAS,MIA,0,98,118,-20,0.2034381860313969,4,4,1,1,104,1,1,0,0,-9.405356,-8.294134,-1.322209,-4.820303,2.217754,0.5918,0.7958,-6.631991,0.2847317926389132
2024-25,0022400148,2024-11-02,DEN,UTA,1,129,103,26,0.8188567031623804,5,5,1,1,104,1,3,1,0,10.664013,11.443306,1.46867,4.309791,0.175306,0.7252,0.6408,11.228966,0.8262928760246476
2024-25,0022400144,2024-11-02,HOU,GSW,0,121,127,-6,0.656232981418711,5,5,1,1,104,1,2,0,0,-0.536225,-4.854568,-2.315071,-0.621265,2.217754,0.9686,0.7112,-0.477643,0.48342125526279334
2024-25,0022400146,2024-11-02,SAS,MIN,1,113,103,10,0.37686560878908776,5,5,1,1,104,1,0,0,1,-11.123807,-10.989328,-0.597852,-5.958623,4.839525,0.7458,0.6974,-6.217042,0.29661319512278717
2024-25,0022400141,2024-11-02,CHA,BOS,0,103,113,-10,0.1811432968376197,5,6,1,1,104,3,1,1,1,-9.291578,-16.538805,-2.325649,-9.646236,2.797078,0.5902,0.8474,-10.118113,0.19697745051461257
2024-25,0022400142,2024-11-02,PHI,MEM,0,107,124,-17,0.44632827295194966,4,6,1,1,104,0,3,0,0,-1.118414,3.828295,-0.418961,4.189401,2.217754,0.3276,0.4423,3.572694,0.6215676658546039
2024-25,0022400145,2024-11-02,MIL,CLE,0,113,114,-1,0.5536717270480503,5,6,1,1,104,1,1,0,1,-1.05221,-3.298093,-2.924952,0.245363,4.839525,0.6634,0.8525,2.664374,0.5914715241601711
2024-25,0022400152,2024-11-03,NOP,ATL,0,111,126,-15,0.44632827295194966,6,6,1,1,104,4,4,0,0,-0.065503,5.677422,0.307895,2.868023,2.217754,0.5741,0.645,5.023713,0.6676860566932104
2024-25,0022400153,2024-11-03,DAL,ORL,1,108,85,23,0.7178674702465342,5,6,1,1,104,1,1,0,0,2.301486,-0.980239,-0.52372,0.818087,2.217754,0.5515,0.8685,2.878377,0.5986334955956086
2024-25,0022400151,2024-11-03,BKN,DET,0,92,106,-14,0.6231343912109123,6,6,1,1,104,0,0,0,0,0.274894,4.344727,0.549521,2.567421,2.217754,0.5115,0.4721,4.527564,0.6522237518963697
2024-25,0022400159,2024-11-04,MIA,SAC,0,110,111,-1,0.5179520501205839,5,6,1,1,104,1,1,0,0,-2.137869,-1.408475,-0.501585,-0.603954,2.217754,0.7958,0.7244,0.444582,0.5154319644666161
2024-25,0022400167,2024-11-04,PHX,PHI,1,118,116,2,0.7460369236801184,6,5,1,1,104,3,0,0,0,8.931851,3.225574,1.461512,-0.156073,2.217754,0.6479,0.3276,8.296466,0.7599283968252037
2024-25,0022400165,2024-11-04,DAL,IND,0,127,134,-7,0.656232981418711,6,6,1,1,104,3,2,1,0,3.469835,-0.363065,1.153925,0.29027,0.175306,0.5515,0.8038,1.728691,0.5597372945192297
2024-25,0022400158,2024-11-04,BKN,MEM,1,106,104,2,0.34376701858128905,7,7,1,1,104,2,3,1,0,-2.87573,1.966719,-0.047987,1.54976,0.175306,0.5115,0.4423,-0.279199,0.49030680378807573
2024-25,0022400162,2024-11-04,MIN,CHA,1,114,93,21,0.8392015046448209,6,6,1,1,104,0,2,0,0,9.225482,12.781631,0.411277,7.897485,2.217754,0.6974,0.5902,13.22131,0.8625096991385048
2024-25,0022400163,2024-11-04,OKC,ORL,1,102,86,16,0.857658513410342,6,7,1,1,104,0,3,0,1,4.897462,6.205543,1.191122,2.747483,4.839525,0.7159,0.8685,10.391028,0.8089494451998477
2024-25,0022400157,2024-11-04,ATL,BOS,0,93,123,-30,0.1811432968376197,7,7,1,1,104,4,1,1,0,-8.013831,-12.820693,-2.598496,-5.991463,0.175306,0.645,0.8474,-10.241956,0.19427092129617096
2024-25,0022400156,2024-11-04,DET,LAL,1,115,103,12,0.2821325297534659,7,6,1,1,104,0,0,1,0,-8.398287,-8.338517,-1.572656,-4.4746,0.175306,0.4721,0.7745,-8.193096,0.24270061633328713
2024-25,0022400161,2024-11-04,HOU,NYK,1,109,97,12,0.41115435030019515,6,5,1,1,104,2,1,0,0,-3.463847,-1.336321,0.410036,-1.328316,2.217754,0.9686,0.4149,-0.18233,0.4936694191542826
2024-25,0022400164,2024-11-04,NOP,POR,0,100,118,-18,0.5536717270480503,7,7,1,1,104,5,0,1,0,8.225646,12.018195,1.098798,5.518603,0.175306,0.5741,0.8641,10.297226,0.8069278550355782
2024-25,0022400154,2024-11-04,CLE,MIL,1,116,114,2,0.7722859781343504,7,6,1,1,104,2,1,0,0,5.315677,3.298093,2.939148,-0.245363,2.217754,0.8525,0.6634,6.524639,0.7122218958655452
2024-25,0022400160,2024-11-04,CHI,UTA,0,126,135,-9,0.7460369236801184,6,6,1,1,104,2,3,0,0,2.148616,6.356016,1.704653,1.297041,2.217754,0.6442,0.6408,6.470069,0.7106659793616737
2024-25,0022400166,2024-11-04,DEN,TOR,1,121,119,2,0.8392015046448209,6,7,1,1,104,1,3,0,0,10.72955,9.27498,0.983775,5.079428,2.217754,0.7252,0.4385,12.220019,0.8451719342056274
2024-25,0022400168,2024-11-04,LAC,SAS,1,113,104,9,0.656232981418711,6,6,1,1,104,0,2,0,0,3.880251,7.805556,0.714512,4.153949,2.217754,0.5382,0.7458,8.060657,0.7539025724777997
2024-25,0022400155,2024-11-04,WAS,GSW,0,112,125,-13,0.1811432968376197,5,6,1,1,104,1,1,0,0,-10.709527,-13.185039,-3.804189,-5.477908,2.217754,0.5918,0.7112,-9.72953,0.20565406295382188
2024-25,0022400180,2024-11-06,SAC,TOR,1,122,107,15,0.8392015046448209,7,8,1,0,216,0,2,0,0,9.943595,7.353295,2.822825,2.955028,2.197713,0.7244,0.4385,10.846159,0.8185287004047389
2024-25,0022400173,2024-11-06,HOU,SAS,1,127,100,27,0.7178674702465342,7,7,1,0,216,1,1,0,0,4.140394,1.155731,0.411428,2.563266,2.197713,0.9686,0.7458,4.845776,0.6621800509113648
2024-25,0022400170,2024-11-06,IND,ORL,1,118,111,7,0.6878806892309335,7,8,1,0,216,2,3,0,0,-0.06172,1.592925,0.123097,0.483755,2.197713,0.8038,0.8685,2.963316,0.6014646702433019
2024-25,0022400175,2024-11-06,NOP,CLE,0,122,131,-9,0.2821325297534659,8,8,1,0,216,3,1,0,0,-8.685654,-20.965731,-5.15423,0.691452,2.197713,0.5741,0.8525,-12.627979,0.14755772927864474
2024-25,0022400172,2024-11-06,BOS,GSW,0,112,118,-6,0.7178674702465342,8,7,1,0,216,2,2,0,0,2.728155,-4.939285,-0.628047,2.808396,2.197713,0.8474,0.7125,1.092149,0.5378492797850878
2024-25,0022400178,2024-11-06,PHX,MIA,1,115,112,3,0.6878806892309335,7,6,1,0,216,2,4,0,0,5.344267,1.845616,1.237386,0.486389,2.197713,0.6479,0.7958,5.792655,0.6909438162905518
2024-25,0022400179,2024-11-06,LAC,PHI,1,110,98,12,0.5888456496998049,7,6,1,0,216,0,0,0,0,-0.369025,9.398799,2.166817,0.010411,2.197713,0.5382,0.3276,6.712601,0.7175428183407203
2024-25,0022400169,2024-11-06,CHA,DET,1,108,107,1,0.44632827295194966,7,8,1,0,216,2,1,0,0,-1.818843,-2.028472,-0.633196,-0.651509,2.197713,0.5902,0.4721,0.274056,0.509514674288554
2024-25,0022400171,2024-11-06,ATL,NYK,1,121,116,5,0.2539630763198815,8,6,1,0,216,3,1,0,0,-8.245633,-6.809839,-2.105929,-2.334969,2.197713,0.6549,0.4149,-5.330023,0.32294271863421214
2024-25,0022400177,2024-11-06,DEN,OKC,1,124,122,2,0.2539630763198815,7,7,1,0,216,4,0,0,0,-5.38588,-12.939194,-3.132498,-1.048729,2.197713,0.7252,0.7159,-6.964824,0.2754116917535175
2024-25,0022400174,2024-11-06,MEM,LAL,1,131,114,17,0.656232981418711,8,7,1,0,216,3,2,0,0,-2.725048,1.172965,0.177151,-2.625118,2.197713,0.4423,0.8184,1.421672,0.5492038613874042
2024-25,0022400176,2024-11-06,DAL,CHI,1,119,99,20,0.8188567031623804,7,7,1,0,216,3,2,0,0,6.984934,7.67502,1.9385,1.913416,2.197713,0.5515,0.6442,9.52769,0.7897286008802575
2024-25,0022400181,2024-11-07,CHI,MIN,0,119,135,-16,0.2034381860313969,8,7,1,0,216,2,0,1,0,-9.113243,-6.906767,-1.597557,-3.036823,0.1829,0.6442,0.7,-7.827105,0.2521651569646197
2024-25,0022400182,2024-11-07,MIL,UTA,1,123,100,23,0.796561813968603,7,7,1,0,216,1,2,0,0,11.592039,9.170371,1.776582,2.39149,2.197713,0.6634,0.6596,12.578918,0.8515831137156517
2024-25,0022400183,2024-11-07,SAS,POR,1,118,105,13,0.656232981418711,8,8,1,0,216,1,0,1,0,5.471363,5.405522,1.560535,0.659928,0.1829,0.7458,0.8641,5.621343,0.6858400208247859
2024-25,0022400189,2024-11-08,NYK,MIL,1,116,94,22,0.7178674702465342,7,8,1,0,216,1,2,0,1,1.849489,5.771018,1.948962,0.70733,4.706018,0.4149,0.6634,8.516271,0.7654536470629932
2024-25,0022400192,2024-11-08,OKC,HOU,1,126,107,19,0.7460369236801184,8,8,1,0,216,0,1,0,0,4.631113,13.414386,3.392016,2.345342,2.197713,0.7159,0.9686,11.220463,0.8261233098942579
2024-25,0022400193,2024-11-08,MIN,POR,1,127,102,25,0.857658513410342,8,9,1,0,216,0,0,1,1,13.686822,7.768374,2.263642,5.216522,2.691204,0.7,0.8641,13.418802,0.8657302520196202
2024-25,0022400184,2024-11-08,CHA,IND,1,103,83,20,0.2821325297534659,8,8,1,0,216,2,4,0,0,-6.052391,-2.618668,-0.466803,-4.761087,2.197713,0.5902,0.8038,-2.137816,0.42631085789564976
2024-25,0022400186,2024-11-08,ORL,NOP,1,115,88,27,0.7460369236801184,9,9,1,0,216,2,4,0,0,4.132147,2.736339,0.957377,-0.60534,2.197713,0.8685,0.5741,5.631957,0.6861575628540689
2024-25,0022400190,2024-11-08,DAL,PHX,0,113,114,-1,0.5888456496998049,8,8,1,0,216,2,1,0,0,-2.940453,1.046499,-0.04668,0.407657,2.197713,0.5515,0.6479,1.250736,0.5433194590504321
2024-25,0022400185,2024-11-08,DET,ATL,1,122,121,1,0.5888456496998049,9,9,1,0,216,2,1,0,0,-1.047856,1.598581,0.641041,-2.159157,2.197713,0.4721,0.6549,2.473076,0.5850362784133417
2024-25,0022400196,2024-11-08,SAC,LAC,0,98,107,-9,0.7178674702465342,8,8,1,0,216,1,1,0,0,3.90466,1.922266,0.847941,-0.204368,2.197713,0.7244,0.5382,5.111177,0.6703758931627463
2024-25,0022400191,2024-11-08,MEM,WAS,1,128,104,24,0.7460369236801184,9,6,1,0,216,3,1,0,0,4.454878,7.282696,1.541231,1.362616,2.197713,0.4423,0.5918,8.0665,0.7540531266621017
2024-25,0022400194,2024-11-08,DEN,MIA,1,135,122,13,0.6231343912109123,8,7,1,0,216,3,3,0,0,2.579935,1.391933,0.760661,1.320737,2.197713,0.7252,0.7958,4.183648,0.6413117721933782
2024-25,0022400195,2024-11-08,LAL,PHI,1,116,106,10,0.7460369236801184,8,7,1,0,216,0,2,0,0,3.464562,6.55255,1.721764,-0.608924,2.197713,0.8184,0.3276,7.206269,0.7312297457158639
2024-25,0022400187,2024-11-08,BOS,BKN,1,108,104,4,0.8743142556725981,9,8,1,0,216,2,2,0,0,8.708431,11.079091,3.456166,4.665929,2.197713,0.8474,0.5547,12.091475,0.8428212861554295
2024-25,0022400188,2024-11-08,CLE,GSW,1,136,117,19,0.6231343912109123,9,8,1,0,216,0,0,0,0,1.701611,-0.772788,-0.537118,-0.304647,2.197713,0.8525,0.7125,2.662125,0.5913960388814654
2024-25,0022400200,2024-11-09,LAC,TOR,1,105,103,2,0.7178674702465342,9,9,1,0,216,0,2,1,0,4.445809,5.431029,1.936399,3.159397,0.1829,0.5382,0.4385,5.121319,0.67068709491284
2024-25,0022400199,2024-11-09,CLE,BKN,1,105,100,5,0.857658513410342,10,9,1,0,216,0,1,1,1,9.551535,15.245588,3.547095,1.552885,2.691204,0.8525,0.5547,15.089766,0.8904943697768054
2024-25,0022400197,2024-11-09,SAS,UTA,0,110,111,-1,0.7178674702465342,9,8,1,0,216,2,5,0,0,4.035085,12.939701,2.949758,-0.564156,2.197713,0.7458,0.6596,10.685107,0.8151824149065412
2024-25,0022400198,2024-11-09,ATL,CHI,0,113,125,-12,0.5888456496998049,10,9,1,0,216,0,2,1,0,0.615612,-0.264237,-0.497167,-0.191764,0.1829,0.6549,0.6442,0.358588,0.5124483844790498
2024-25,0022400206,2024-11-10,MIN,MIA,0,94,95,-1,0.7460369236801184,9,8,1,0,216,0,4,0,0,8.399998,2.123862,0.84076,2.017453,2.197713,0.7,0.7958,7.459643,0.7380893734508215
2024-25,0022400209,2024-11-10,PHX,SAC,0,118,127,-9,0.44632827295194966,9,9,1,0,216,1,0,0,0,-0.263239,-0.925521,0.039014,0.053349,2.197713,0.6479,0.7244,1.603333,0.5554423792913449
2024-25,0022400205,2024-11-10,PHI,CHA,1,107,105,2,0.656232981418711,8,9,1,0,216,2,2,0,0,4.593416,-3.072896,-0.738629,4.648797,2.197713,0.3276,0.5902,2.957973,0.6012867971295938
2024-25,0022400201,2024-11-10,DET,HOU,0,99,101,-2,0.37686560878908776,10,9,1,0,216,2,2,0,0,-5.234322,-4.365302,-1.062825,-3.394416,2.197713,0.4721,0.9686,-2.602099,0.41062008563200497
2024-25,0022400203,2024-11-10,IND,NYK,1,132,121,11,0.37686560878908776,9,8,1,0,216,4,1,0,0,-4.098991,-4.621063,-1.568117,-0.384548,2.197713,0.8038,0.4149,-2.162314,0.4254789338206214
2024-25,0022400207,2024-11-10,OKC,GSW,0,116,127,-11,0.7178674702465342,9,9,1,0,216,0,2,0,0,3.970881,-0.219763,-0.232435,1.8954,2.197713,0.7159,0.7125,4.073273,0.6377778459544491
2024-25,0022400204,2024-11-10,ORL,WAS,1,121,94,27,0.8392015046448209,10,7,1,0,216,2,0,0,0,8.060216,3.655819,0.849386,4.225193,2.197713,0.8685,0.5918,8.055731,0.7537756201140198
2024-25,0022400210,2024-11-10,POR,MEM,0,89,134,-45,0.44632827295194966,10,10,1,0,216,0,2,0,0,-3.136355,-4.820099,-1.406376,-0.592024,2.197713,0.8641,0.4423,-1.780513,0.4384897668838726
2024-25,0022400202,2024-11-10,MIL,BOS,0,107,113,-6,0.3121193107690664,9,10,1,0,216,2,1,0,0,-6.23832,-13.619926,-4.376289,-2.865958,2.197713,0.6634,0.8474,-7.73141,0.25467979578548994
2024-25,0022400208,2024-11-10,DEN,DAL,1,122,120,2,0.5888456496998049,9,9,1,0,216,4,3,0,0,-0.909205,-1.500182,-0.403724,0.426691,2.197713,0.7252,0.5515,0.99302,0.5344253174521096
2024-25,0022400211,2024-11-10,LAL,TOR,1,123,103,20,0.8188567031623804,9,10,1,0,216,0,1,0,1,7.467022,2.58478,1.491345,2.540062,4.706018,0.8184,0.4385,9.731919,0.7944001335542239
2024-25,0022400214,2024-11-11,NOP,BKN,0,105,107,-2,0.44632827295194966,10,10,1,0,216,3,1,0,0,-0.535081,-5.720143,-1.705532,2.244337,2.197713,0.5741,0.5547,-0.929899,0.46775665256362
2024-25,0022400216,2024-11-11,SAS,SAC,1,116,96,20,0.37686560878908776,10,10,1,0,216,2,1,0,1,-5.075997,-3.010127,-1.06072,-2.972181,4.706018,0.7458,0.7244,0.662956,0.5230030503617541
2024-25,0022400212,2024-11-11,CHI,CLE,0,113,119,-6,0.2277140218656496,10,11,1,0,216,1,0,0,0,-9.163687,-18.561007,-4.364647,-1.18879,2.197713,0.6442,0.8525,-11.664633,0.1651927373128635
2024-25,0022400215,2024-11-11,OKC,LAC,1,134,128,6,0.7178674702465342,10,10,1,0,216,1,1,1,0,4.847418,13.482257,3.534309,1.732059,0.1829,0.7159,0.5382,9.347738,0.7855482178881606
2024-25,0022400213,2024-11-11,HOU,WAS,1,107,92,15,0.857658513410342,10,8,1,0,216,1,0,1,1,7.851502,9.02385,2.125368,3.993786,2.691204,0.9686,0.5918,11.12888,0.8242885968064952
2024-25,0022400001,2024-11-12,BOS,ATL,0,116,117,-1,0.9026490636820277,11,11,1,0,216,0,1,0,0,11.676614,14.658747,4.70027,4.493597,2.197713,0.8474,0.6549,15.365394,0.8941719453525235
2024-25,0022400003,2024-11-12,ORL,CHA,1,114,89,25,0.7722859781343504,11,10,1,0,216,0,3,0,0,4.99525,1.025743,0.433203,4.277332,2.197713,0.8685,0.5902,5.20821,0.6733470390712692
2024-25,0022400006,2024-11-12,UTA,PHX,0,112,120,-8,0.3121193107690664,9,10,1,0,216,3,2,0,0,-11.168035,-15.024307,-4.313169,-2.461374,2.197713,0.6596,0.6479,-10.898458,0.18039484204105968
2024-25,0022400004,2024-11-12,PHI,NYK,0,99,111,-12,0.37686560878908776,9,9,1,0,216,3,0,0,0,-4.666966,-10.312626,-2.78748,-0.496838,2.197713,0.3276,0.4149,-5.292083,0.32409595791434637
2024-25,0022400005,2024-11-12,MIL,TOR,1,99,85,14,0.7722859781343504,10,11,1,0,216,1,1,0,0,5.392616,0.573838,0.571176,2.938494,2.197713,0.6634,0.4385,5.180941,0.6725134379697341
2024-25,0022400008,2024-11-12,POR,MIN,1,122,108,14,0.2277140218656496,11,10,1,0,216,2,0,0,0,-11.139568,-7.768374,-2.210319,-5.216522,2.197713,0.8641,0.7,-7.256257,0.26740796489454605
2024-25,0022400007,2024-11-12,GSW,DAL,1,120,117,3,0.5888456496998049,10,10,1,0,216,2,1,0,0,-1.401464,11.658775,2.958961,-0.419979,2.197713,0.7125,0.5515,7.326369,0.7344953417450967
2024-25,0022400002,2024-11-12,DET,MIA,1,123,121,2,0.44632827295194966,11,9,1,0,216,1,3,0,0,-1.059877,-3.448561,-0.552349,-3.370291,2.197713,0.4721,0.7958,-0.056505,0.4980380200945968
2024-25,0022400217,2024-11-13,ORL,IND,1,94,90,4,0.5536717270480503,12,10,1,0,328,1,3,1,0,-0.385127,3.005284,1.388253,-0.439693,0.080221,0.8685,0.8038,1.3903,0.548124864894257
2024-25,0022400219,2024-11-13,NYK,CHI,0,123,124,-1,0.7722859781343504,10,11,1,0,328,1,1,1,0,8.441494,7.394215,2.516697,1.517321,0.080221,0.4149,0.6442,7.998076,0.7522863946611642
2024-25,0022400221,2024-11-13,OKC,NOP,1,106,88,18,0.8892726820276319,11,11,1,0,328,2,4,0,0,10.602222,17.938216,6.712623,0.971478,2.201644,0.7159,0.5741,16.471863,0.9078581372292724
2024-25,0022400225,2024-11-13,LAL,MEM,1,128,123,5,0.7460369236801184,10,11,1,0,328,2,2,0,0,5.221763,-6.282545,-1.395006,1.976942,2.201644,0.8184,0.4423,1.671253,0.557770462381885
2024-25,0022400227,2024-11-13,SAC,PHX,1,127,104,23,0.7722859781343504,11,11,1,0,328,1,3,0,1,3.272591,-0.817912,-0.356895,-0.036934,4.760083,0.7244,0.6479,5.987423,0.6966902863074077
2024-25,0022400218,2024-11-13,BKN,BOS,0,114,139,-25,0.2034381860313969,11,12,1,0,328,2,1,0,1,-12.751118,-5.147935,-2.684465,-3.192299,4.760083,0.5547,0.8474,-4.189443,0.3585030883033631
2024-25,0022400220,2024-11-13,PHI,CLE,0,106,114,-8,0.16079849535517896,10,12,1,0,328,4,1,1,0,-10.645963,-19.857039,-6.727484,0.354114,0.080221,0.3276,0.8525,-15.171279,0.10840651139228698
2024-25,0022400226,2024-11-13,POR,MIN,1,106,98,8,0.1811432968376197,12,11,1,0,328,3,1,1,1,-11.738787,-10.710134,-4.198216,-3.539752,2.638661,0.8641,0.7,-8.5858,0.23281707474620678
2024-25,0022400222,2024-11-13,HOU,LAC,1,111,103,8,0.656232981418711,11,11,1,0,328,2,0,0,0,1.229783,1.44493,0.313213,-0.42458,2.201644,0.9686,0.5382,3.539,0.6204662748382171
2024-25,0022400224,2024-11-13,SAS,WAS,1,139,130,9,0.796561813968603,11,9,1,0,328,2,2,0,0,5.020082,8.869058,3.502527,1.323481,2.201644,0.7458,0.5918,9.146214,0.7807953845297047
2024-25,0022400223,2024-11-13,MIL,DET,1,127,120,7,0.7460369236801184,11,12,1,0,328,3,3,1,1,4.027092,1.468286,0.207821,2.545551,2.638661,0.6634,0.4721,5.38635,0.6787654671991937
2024-25,0022400228,2024-11-14,UTA,DAL,1,115,113,2,0.2539630763198815,10,11,1,0,328,4,3,0,0,-10.388536,-13.749416,-4.740191,-2.107151,2.201644,0.6596,0.5515,-9.867332,0.20254508513354152
2024-25,0022400016,2024-11-15,HOU,LAC,1,125,104,21,0.656232981418711,12,12,1,0,328,0,0,0,0,1.496522,1.44493,0.313213,-0.42458,2.201644,0.9686,0.5382,3.67237,0.6248185187654249
2024-25,0022400014,2024-11-15,NYK,BKN,1,124,122,2,0.7722859781343504,11,12,1,0,328,2,1,0,0,7.037964,3.069818,1.226318,1.825934,2.201644,0.4149,0.5547,7.255535,0.7325723778348323
2024-25,0022400017,2024-11-15,NOP,DEN,1,101,94,7,0.41115435030019515,12,10,1,0,328,5,1,0,0,-1.734304,-10.631693,-3.955232,-0.378054,2.201644,0.5741,0.7252,-3.981355,0.36517656394843073
2024-25,0022400009,2024-11-15,IND,MIA,0,111,124,-13,0.656232981418711,11,10,1,0,328,1,4,0,0,1.473001,-0.147092,0.183791,0.590842,2.201644,0.8038,0.7958,2.864598,0.5981736088516069
2024-25,0022400020,2024-11-15,SAC,MIN,0,126,130,-4,0.44632827295194966,12,12,1,0,328,2,1,0,0,-1.621325,-0.881727,0.017573,-1.096902,2.201644,0.7244,0.7,0.950118,0.5329424227358348
2024-25,0022400015,2024-11-15,SAS,LAL,0,115,120,-5,0.41115435030019515,12,11,1,0,328,1,2,0,0,-6.058157,0.290855,-0.021858,-1.802793,2.201644,0.7458,0.8184,-0.682007,0.4763369000492761
2024-25,0022400012,2024-11-15,ATL,WAS,1,129,117,12,0.796561813968603,12,10,1,0,328,1,1,0,0,8.16166,5.054779,1.576246,2.263584,2.201644,0.6549,0.5918,8.809864,0.7726950914963054
2024-25,0022400011,2024-11-15,TOR,DET,0,95,99,-4,0.41115435030019515,12,13,1,0,328,1,3,0,0,-3.283198,-3.246193,-2.041569,0.565535,2.201644,0.4385,0.4721,-1.063051,0.4631554084088543
2024-25,0022400018,2024-11-15,OKC,PHX,1,99,83,16,0.7460369236801184,12,12,1,0,328,2,4,0,0,3.571004,7.545614,2.620349,1.303669,2.201644,0.7159,0.6479,7.759953,0.7460719842615331
2024-25,0022400019,2024-11-15,GSW,MEM,1,123,118,5,0.7178674702465342,11,12,1,0,328,1,2,0,0,5.815269,6.416514,2.289155,2.260217,2.201644,0.7125,0.4423,8.317535,0.7604618488978798
2024-25,0022400010,2024-11-15,ORL,PHI,1,98,86,12,0.5888456496998049,13,11,1,0,328,0,1,0,0,-1.336194,8.504641,3.306248,-0.296706,2.201644,0.8685,0.3276,5.785867,0.6907424689026035
2024-25,0022400013,2024-11-15,CLE,CHI,1,144,126,18,0.796561813968603,13,12,1,0,328,2,0,0,0,9.768068,17.044573,5.407858,0.808323,2.201644,0.8525,0.6442,15.607965,0.897317942085218
2024-25,0022400230,2024-11-16,BOS,TOR,1,126,123,3,0.9145647629102059,13,13,1,0,328,1,1,0,1,14.163037,10.823688,5.95967,3.869635,4.760083,0.8474,0.4385,17.253446,0.9165456393835767
2024-25,0022400233,2024-11-16,SAC,UTA,1,121,117,4,0.7460369236801184,13,11,1,0,328,3,2,1,0,10.114711,12.588866,4.284272,1.787992,0.080221,0.7244,0.6596,11.43201,0.8303034095361956
2024-25,0022400232,2024-11-16,DAL,SAS,1,110,93,17,0.8743142556725981,12,13,1,0,328,0,3,0,1,9.133363,2.669695,0.872124,2.376822,4.760083,0.5515,0.7458,10.661612,0.8146902872439902
2024-25,0022400231,2024-11-16,NOP,LAL,0,99,104,-5,0.2539630763198815,13,12,1,0,328,6,3,1,1,-9.137407,-7.77469,-3.1106,0.623996,2.638661,0.5741,0.8184,-5.817388,0.30832312721451516
2024-25,0022400229,2024-11-16,CHA,MIL,1,115,114,1,0.37686560878908776,11,12,1,0,328,2,2,0,0,-4.649857,-3.639386,-0.95861,-3.072673,2.201644,0.5902,0.6634,-1.942977,0.43294196018449765
2024-25,0022400243,2024-11-17,LAC,UTA,1,116,105,11,0.796561813968603,13,12,1,0,328,0,3,0,1,7.331675,14.130888,4.305617,1.929478,4.760083,0.5382,0.6596,15.491365,0.895816183725348
2024-25,0022400235,2024-11-17,IND,MIA,1,119,110,9,0.6231343912109123,12,11,1,0,328,1,4,0,0,0.844336,-0.147092,0.183791,0.590842,2.201644,0.8038,0.7958,2.550266,0.5876365698625008
2024-25,0022400239,2024-11-17,POR,ATL,1,114,110,4,0.34376701858128905,13,13,1,0,328,2,1,0,0,-5.132153,-4.504983,-1.802108,-1.32529,2.201644,0.8641,0.6549,-2.616924,0.4101218515160559
2024-25,0022400238,2024-11-17,MEM,DEN,1,105,90,15,0.6878806892309335,13,11,1,0,328,1,1,0,0,0.099972,3.425541,0.766018,-2.978992,2.201644,0.4423,0.7252,3.964401,0.634277378721008
2024-25,0022400242,2024-11-17,OKC,DAL,0,119,121,-2,0.7460369236801184,13,13,1,0,328,2,2,0,1,3.49762,7.202976,2.762097,1.021445,4.760083,0.7159,0.5515,10.110381,0.8028526255043141
2024-25,0022400237,2024-11-17,WAS,DET,0,104,124,-20,0.34376701858128905,11,14,1,0,328,0,1,0,0,-7.146807,-7.234686,-2.461241,-0.824146,2.201644,0.5918,0.4721,-4.989103,0.3333813912012546
2024-25,0022400236,2024-11-17,CLE,CHA,1,128,114,14,0.8188567031623804,14,12,1,0,328,2,2,0,1,8.11274,17.320836,5.964701,2.886928,4.760083,0.8525,0.5902,17.476871,0.9188887369341548
2024-25,0022400241,2024-11-17,CHI,HOU,0,107,143,-36,0.34376701858128905,13,13,1,0,328,0,1,0,0,-5.701018,-8.025305,-2.368538,-0.722419,2.201644,0.6442,0.9686,-4.661517,0.3435682426820139
2024-25,0022400234,2024-11-17,MIN,PHX,1,120,117,3,0.7460369236801184,13,13,1,0,328,1,2,0,0,4.029395,0.063815,-0.362148,1.059967,2.201644,0.7,0.6479,4.248249,0.6433730954345614
2024-25,0022400240,2024-11-17,NYK,BKN,1,114,104,10,0.8188567031623804,12,13,1,0,328,2,1,0,0,8.963786,3.069818,1.226318,1.825934,2.201644,0.4149,0.5547,8.218446,0.7579459224625732
2024-25,0022400247,2024-11-18,TOR,IND,1,130,119,11,0.41115435030019515,14,13,1,0,328,2,3,0,1,-4.970502,-4.038248,-2.509369,-2.291373,4.760083,0.4385,0.8038,0.255708,0.5088778328678628
2024-25,0022400244,2024-11-18,DET,CHI,0,112,122,-10,0.656232981418711,15,14,1,0,328,1,1,1,1,0.256056,1.894836,0.09347,-1.551484,2.638661,0.4721,0.6442,3.714107,0.6261764123357307
2024-25,0022400250,2024-11-18,SAC,ATL,0,108,109,-1,0.656232981418711,14,14,1,0,328,3,3,0,1,4.637508,5.323424,2.413681,1.117561,4.760083,0.7244,0.6549,9.740549,0.7945958416962148
2024-25,0022400248,2024-11-18,MIL,HOU,1,101,100,1,0.6231343912109123,13,14,1,0,328,2,1,0,1,2.431434,-4.662182,-1.872676,0.271648,4.760083,0.6634,0.9686,3.644709,0.623917504269268
2024-25,0022400245,2024-11-18,MIA,PHI,1,106,89,17,0.5888456496998049,12,12,1,0,328,2,2,1,0,-1.99606,5.646449,1.799391,-0.447855,0.080221,0.7958,0.3276,1.905416,0.5657768396335855
2024-25,0022400246,2024-11-18,NYK,WAS,1,134,106,28,0.8892726820276319,13,12,1,0,328,1,1,1,1,13.39072,12.734065,4.693045,3.892951,2.638661,0.4149,0.5918,15.701053,0.8985030898516588
2024-25,0022400251,2024-11-18,LAC,GSW,1,102,99,3,0.3121193107690664,14,12,1,0,328,0,2,1,0,-2.485668,-9.357037,-3.346832,0.113082,0.080221,0.5382,0.7125,-5.841131,0.3076203090120132
2024-25,0022400249,2024-11-18,PHX,ORL,0,99,109,-10,0.34376701858128905,14,14,1,0,328,3,0,1,0,-1.456834,0.16409,0.268301,0.176718,0.080221,0.6479,0.8685,-0.566151,0.48035209832332826
2024-25,0022400026,2024-11-19,LAL,UTA,1,124,118,6,0.8188567031623804,13,13,1,0,328,2,2,0,0,11.523635,10.788866,3.947091,1.533122,2.201644,0.8184,0.6596,13.357895,0.864743870790916
2024-25,0022400022,2024-11-19,BKN,CHA,1,116,115,1,0.5536717270480503,14,13,1,0,328,2,2,0,0,-0.114497,4.60066,1.903589,1.769992,2.201644,0.5547,0.5902,4.444725,0.6496094512534627
2024-25,0022400023,2024-11-19,MEM,DEN,0,110,122,-12,0.6878806892309335,14,12,1,0,328,1,1,0,0,-0.325159,3.425541,0.766018,-2.978992,2.201644,0.4423,0.7252,3.751835,0.6274021977372944
2024-25,0022400025,2024-11-19,SAS,OKC,1,110,104,6,0.2034381860313969,14,14,1,0,328,3,2,0,0,-10.076351,-9.872671,-3.409489,-3.398267,2.201644,0.7458,0.7159,-7.772867,0.2535883699193792
2024-25,0022400024,2024-11-19,DAL,NOP,1,132,91,41,0.857658513410342,14,14,1,0,328,1,2,0,0,10.478544,10.73524,3.963049,-0.049967,2.201644,0.5515,0.5741,12.808536,0.8555688099057486
2024-25,0022400021,2024-11-19,BOS,CLE,1,120,117,3,0.7178674702465342,14,15,1,0,328,0,3,0,0,4.749389,-7.572241,-1.158375,2.075362,2.201644,0.8474,0.8525,0.790218,0.5274106258766427
2024-25,0022400255,2024-11-20,MEM,PHI,1,117,111,6,0.34376701858128905,15,13,1,0,434,4,3,1,0,-1.446667,9.126215,4.617891,-1.433377,0.071314,0.4423,0.3276,3.911088,0.6325580447650239
2024-25,0022400254,2024-11-20,HOU,IND,1,130,113,17,0.6878806892309335,15,14,1,0,434,1,1,0,0,1.431409,8.635206,3.532941,-0.362954,2.200385,0.9686,0.8038,7.233693,0.731977636141234
2024-25,0022400257,2024-11-20,PHX,NYK,0,122,138,-16,0.34376701858128905,15,14,1,0,434,2,2,0,0,-3.583817,-5.32544,-2.000304,-0.312299,2.200385,0.6479,0.4149,-2.254243,0.42236084704274884
2024-25,0022400253,2024-11-20,MIL,CHI,1,122,106,16,0.7722859781343504,14,15,1,0,434,2,1,0,0,7.717774,4.621922,0.786515,0.615322,2.200385,0.6634,0.6442,8.370234,0.761792567552702
2024-25,0022400256,2024-11-20,OKC,POR,1,109,99,10,0.8743142556725981,15,14,1,0,434,2,3,1,0,10.178046,16.058897,6.961137,2.464332,0.071314,0.7159,0.8641,13.189785,0.8619896584065827
2024-25,0022400252,2024-11-20,CLE,NOP,1,128,100,28,0.8892726820276319,16,15,1,0,434,5,5,1,1,10.544578,20.069697,8.592689,-0.335832,2.653369,0.8525,0.5741,17.960507,0.9237563954297111
2024-25,0022400259,2024-11-20,LAC,ORL,1,104,93,11,0.41115435030019515,15,15,1,0,434,1,0,0,0,-2.492716,-2.292734,-1.026061,0.125759,2.200385,0.5382,0.8685,-0.19234,0.49332193915767103
2024-25,0022400258,2024-11-20,GSW,ATL,1,120,97,23,0.7460369236801184,13,15,1,0,434,1,2,0,0,6.210695,12.817501,5.350531,0.809027,2.200385,0.7125,0.6549,11.714484,0.8357598486150849
2024-25,0022400261,2024-11-21,TOR,MIN,1,110,105,5,0.2821325297534659,15,14,1,0,434,2,1,0,0,-11.137305,-5.208421,-3.395237,-2.000058,2.200385,0.4385,0.7,-5.972478,0.3037485183617645
2024-25,0022400260,2024-11-21,CHA,DET,1,123,121,2,0.41115435030019515,14,16,1,0,434,2,1,0,0,0.564125,-2.770098,-1.01006,-0.681079,2.200385,0.5902,0.4721,1.097399,0.5380305302711548
2024-25,0022400262,2024-11-21,SAS,UTA,1,126,118,8,0.5888456496998049,15,14,1,0,434,3,3,0,0,0.550918,8.075223,3.504529,-0.096085,2.200385,0.7458,0.6596,6.513456,0.7119034529275637
2024-25,0022400263,2024-11-21,LAL,ORL,0,118,119,-1,0.6878806892309335,14,16,1,0,434,2,1,0,1,1.778555,-2.27767,-0.716802,-0.080033,4.782441,0.8184,0.8685,4.532883,0.6523912953907688
2024-25,0022400032,2024-11-22,NOP,GSW,0,108,112,-4,0.1811432968376197,16,14,1,0,434,4,1,0,0,-5.796257,-19.062344,-7.874032,0.054309,2.200385,0.5741,0.7125,-10.228915,0.1945545839391983
2024-25,0022400028,2024-11-22,WAS,BOS,0,96,108,-12,0.0973509363179723,13,15,1,0,434,0,1,0,0,-20.446974,-15.615345,-8.174973,-3.318914,2.200385,0.5918,0.8474,-15.830775,0.09986560876979958
2024-25,0022400030,2024-11-22,CHI,ATL,1,136,122,14,0.44632827295194966,16,16,1,0,434,3,2,0,0,-2.444224,-1.85461,-0.262548,0.099647,2.200385,0.6442,0.6549,0.050968,0.5017697274023404
2024-25,0022400029,2024-11-22,MIL,IND,1,129,117,12,0.6878806892309335,15,15,1,0,434,2,1,0,0,4.400695,1.633377,0.34418,-0.148976,2.200385,0.6634,0.8038,5.217421,0.6736283677416445
2024-25,0022400027,2024-11-22,PHI,BKN,1,113,98,15,0.6231343912109123,14,15,1,0,434,5,3,0,0,-2.329667,-4.280233,-2.729652,0.923552,2.200385,0.3276,0.5547,-1.104565,0.46172210102953964
2024-25,0022400034,2024-11-22,LAC,SAC,1,104,88,16,0.34376701858128905,16,15,1,0,434,1,3,0,0,-4.586968,-1.44817,-0.540918,0.078603,2.200385,0.5382,0.7244,-0.817184,0.4716559786754733
2024-25,0022400031,2024-11-22,HOU,POR,1,116,88,28,0.8392015046448209,16,15,1,0,434,0,2,0,0,6.120865,13.201236,5.571027,1.562278,2.200385,0.9686,0.8641,11.861435,0.8385422653335826
2024-25,0022400033,2024-11-22,DEN,DAL,0,120,123,-3,0.656232981418711,13,15,1,0,434,1,2,0,0,2.464488,-2.356789,-0.951881,0.42935,2.200385,0.7252,0.5515,2.254235,0.5776388621581937
2024-25,0022400270,2024-11-23,LAL,DEN,0,102,127,-25,0.656232981418711,15,14,1,0,434,0,1,0,1,5.090094,-1.193393,-0.219121,-0.733849,4.782441,0.8184,0.7252,6.730791,0.7180545896707491
2024-25,0022400267,2024-11-23,HOU,POR,0,98,104,-6,0.857658513410342,17,16,1,0,434,3,2,1,1,5.877563,13.201236,5.571027,1.562278,2.653369,0.9686,0.8641,12.192768,0.8446760236577534
2024-25,0022400269,2024-11-23,SAS,GSW,1,104,94,10,0.37686560878908776,16,15,1,0,434,3,2,0,1,-3.372656,-10.931051,-3.799483,-1.293907,4.782441,0.7458,0.7125,-2.369413,0.4184632424574646
2024-25,0022400268,2024-11-23,MIL,CHA,1,125,119,6,0.7460369236801184,16,15,1,0,434,2,2,1,0,8.228061,3.957586,1.128391,2.048448,0.071314,0.6634,0.5902,6.164137,0.7018514990695369
2024-25,0022400266,2024-11-23,CHI,MEM,0,131,142,-11,0.34376701858128905,17,16,1,0,434,2,3,1,0,-3.310086,-8.132029,-3.337692,0.681277,0.071314,0.6442,0.4423,-5.649744,0.31331068226453024
2024-25,0022400264,2024-11-23,UTA,NYK,1,121,106,15,0.2277140218656496,15,15,1,0,434,1,2,0,0,-9.647196,-13.05061,-5.19509,-1.379879,2.200385,0.6596,0.4149,-9.148517,0.2191498674936654
2024-25,0022400265,2024-11-23,ORL,DET,1,111,100,11,0.796561813968603,17,17,1,0,434,0,1,0,0,8.062704,4.261723,2.127989,1.263511,2.200385,0.8685,0.4721,8.362599,0.7616000869492688
2024-25,0022400276,2024-11-24,SAC,BKN,0,103,108,-5,0.8188567031623804,16,16,1,0,434,3,3,0,0,7.44632,3.565544,1.415848,0.730071,2.200385,0.7244,0.5547,7.706318,0.7446581246210853
2024-25,0022400274,2024-11-24,PHI,LAC,0,99,125,-26,0.44632827295194966,15,17,1,0,434,4,1,0,0,-5.279224,-6.397608,-3.591475,0.114877,2.200385,0.3276,0.5382,-3.638031,0.3763001694509597
2024-25,0022400272,2024-11-24,IND,WAS,1,115,103,12,0.857658513410342,16,14,1,0,434,2,1,0,0,10.291531,8.114907,3.939516,2.310528,2.200385,0.8038,0.5918,11.403605,0.8297468156391526
2024-25,0022400271,2024-11-24,BOS,MIN,1,107,105,2,0.7722859781343504,16,15,1,0,434,2,1,0,0,4.821964,4.566576,2.78729,0.418464,2.200385,0.8474,0.7,6.894656,0.7226392333499158
2024-25,0022400273,2024-11-24,MIA,DAL,1,123,118,5,0.5888456496998049,13,16,1,0,434,3,2,0,0,1.296349,-3.819696,-2.063236,-0.297328,2.200385,0.7958,0.5515,0.938712,0.5325480701798443
2024-25,0022400275,2024-11-24,CLE,TOR,1,122,108,14,0.8392015046448209,17,16,1,0,434,2,0,0,0,12.074421,14.965478,7.361826,1.073693,2.200385,0.8525,0.4385,15.720335,0.8987470590260348
2024-25,0022400282,2024-11-25,MEM,POR,1,123,98,25,0.8188567031623804,17,17,1,0,434,2,3,0,0,2.188162,9.709514,4.615419,0.479657,2.200385,0.4423,0.8641,8.149223,0.7561776642861661
2024-25,0022400281,2024-11-25,BOS,LAC,1,126,94,32,0.8188567031623804,17,18,1,0,434,2,2,1,1,9.175273,5.085561,2.99163,1.135463,2.653369,0.8474,0.5382,9.783786,0.7955742171273966
2024-25,0022400283,2024-11-25,DEN,NYK,0,118,145,-27,0.5888456496998049,15,16,1,0,434,2,1,0,0,-5.365049,-2.104568,-0.747459,0.273842,2.200385,0.7252,0.4149,-1.534423,0.4469221605487199
2024-25,0022400285,2024-11-25,SAC,OKC,0,109,130,-21,0.37686560878908776,17,16,1,0,434,1,2,1,0,-2.977197,-7.629821,-2.8475,-0.74478,0.071314,0.7244,0.7159,-5.232195,0.3259206656740469
2024-25,0022400278,2024-11-25,DET,TOR,1,102,100,2,0.656232981418711,18,17,1,0,434,2,1,0,1,-0.756151,2.720447,1.843024,-0.106211,4.782441,0.4721,0.4385,5.764589,0.6901108082071388
2024-25,0022400284,2024-11-25,GSW,BKN,0,120,128,-8,0.8743142556725981,16,17,1,0,434,1,4,0,1,8.40739,11.386063,4.43422,0.880832,4.782441,0.7125,0.5547,14.679168,0.8848082962366439
2024-25,0022400279,2024-11-25,IND,NOP,1,114,110,4,0.7460369236801184,17,17,1,0,434,1,4,1,0,1.479982,7.378778,3.105417,0.00061,0.071314,0.8038,0.5741,4.500694,0.6513767404815431
2024-25,0022400277,2024-11-25,CHA,ORL,0,84,95,-11,0.34376701858128905,16,18,1,0,434,4,1,0,0,-3.646459,-7.031821,-3.119603,-1.94459,2.200385,0.5902,0.8685,-3.138754,0.3927092596621711
2024-25,0022400280,2024-11-25,ATL,DAL,0,119,129,-10,0.5888456496998049,17,17,1,0,434,4,4,0,1,-1.758066,-7.114059,-3.356984,-0.835576,4.782441,0.6549,0.5515,0.346379,0.5120247196230944
2024-25,0022400035,2024-11-26,WAS,CHI,0,108,127,-19,0.3121193107690664,15,18,1,0,434,1,1,0,0,-6.006578,-5.126362,-3.483835,-1.54623,2.200385,0.5918,0.6442,-3.366085,0.38520533630811593
2024-25,0022400038,2024-11-26,UTA,SAS,0,115,128,-13,0.44632827295194966,16,17,1,0,434,3,2,0,0,-3.961108,-8.075223,-3.572996,0.096085,2.200385,0.6596,0.7458,-3.81778,0.3704592275161259
2024-25,0022400039,2024-11-26,PHX,LAL,1,127,100,27,0.5888456496998049,16,16,1,0,434,0,0,0,0,-1.768191,-2.027479,-0.721326,0.147707,2.200385,0.6479,0.8184,0.302551,0.5105036822515353
2024-25,0022400037,2024-11-26,MIN,HOU,0,111,117,-6,0.5888456496998049,16,18,1,0,434,1,1,0,0,2.712859,-5.701344,-1.839473,0.952877,2.200385,0.7,0.9686,0.706143,0.5244992123400135
2024-25,0022400036,2024-11-26,MIA,MIL,0,103,106,-3,0.6878806892309335,14,17,1,0,434,3,1,0,0,2.83216,0.52705,0.426783,-0.176721,2.200385,0.7958,0.6634,3.87999,0.6315535896471903
2024-25,0022400286,2024-11-27,CHA,MIA,0,94,98,-4,0.34376701858128905,17,15,1,0,528,3,4,0,1,-5.410682,-3.931717,-1.661927,-0.979075,4.706506,0.5902,0.7958,0.035307,0.5012259192906025
2024-25,0022400291,2024-11-27,WAS,LAC,0,96,121,-25,0.2034381860313969,16,19,1,0,528,0,2,1,0,-9.92485,-11.807373,-6.943652,-1.099013,0.089666,0.5918,0.5382,-10.776446,0.1829139517856535
2024-25,0022400297,2024-11-27,PHX,BKN,0,117,127,-10,0.796561813968603,17,18,1,0,528,1,4,1,0,9.246151,-0.840982,-0.424378,0.368674,0.089666,0.6479,0.5547,4.29225,0.64477405073126
2024-25,0022400294,2024-11-27,MIN,SAC,0,104,115,-11,0.5888456496998049,17,18,1,0,528,0,4,1,0,2.043908,0.198236,0.337403,0.429968,0.089666,0.7,0.7244,1.210738,0.5419407243352624
2024-25,0022400298,2024-11-27,UTA,DEN,0,103,122,-19,0.1811432968376197,17,16,1,0,528,5,2,1,0,-9.668767,-9.55451,-4.331961,-0.89317,0.089666,0.6596,0.7252,-9.521973,0.210403288941329
2024-25,0022400296,2024-11-27,SAS,LAL,0,101,119,-18,0.44632827295194966,18,17,1,0,528,0,1,1,1,-3.646119,2.670457,1.781332,-0.425832,2.569538,0.7458,0.8184,2.081707,0.5717821546610639
2024-25,0022400295,2024-11-27,NOP,TOR,0,93,119,-26,0.5179520501205839,18,18,1,0,528,5,1,0,0,-3.961172,-5.917151,-1.758128,0.56381,2.226634,0.5741,0.4385,-2.712528,0.40691342545274256
2024-25,0022400289,2024-11-27,ORL,CHI,1,133,119,14,0.796561813968603,19,19,1,0,528,1,3,0,1,5.626791,6.689698,2.764897,0.102293,4.706506,0.8685,0.6442,10.864751,0.8189119478012319
2024-25,0022400288,2024-11-27,IND,POR,1,121,114,7,0.796561813968603,18,18,1,0,528,2,5,0,0,5.722381,5.347081,2.584923,0.641744,2.226634,0.8038,0.8641,7.761365,0.7461091203508171
2024-25,0022400299,2024-11-27,GSW,OKC,0,101,105,-4,0.34376701858128905,17,17,1,0,528,1,2,0,0,-6.66806,-2.012167,-0.864084,-0.4374,2.226634,0.7125,0.7159,-2.11348,0.42713771568679837
2024-25,0022400293,2024-11-27,MEM,DET,1,131,111,20,0.7460369236801184,18,19,1,0,528,3,2,0,0,6.711398,6.243101,3.211476,-0.120041,2.226634,0.4423,0.4721,8.703883,0.7700994151137849
2024-25,0022400292,2024-11-27,DAL,NYK,1,129,114,15,0.34376701858128905,18,17,1,0,528,3,3,0,0,-3.766781,-1.556208,-0.564477,-0.127652,2.226634,0.5515,0.4149,-0.434861,0.48490525066808754
2024-25,0022400290,2024-11-27,PHI,HOU,0,115,122,-7,0.3121193107690664,16,19,1,0,528,5,2,0,1,-5.20898,-13.182062,-6.251138,0.261494,4.706506,0.3276,0.9686,-4.489015,0.34899169873962893
2024-25,0022400287,2024-11-27,CLE,ATL,0,124,135,-11,0.796561813968603,18,18,1,0,528,5,4,0,0,4.712568,15.219261,7.559326,0.230092,2.226634,0.8525,0.6549,12.192548,0.84467201581339
2024-25,0022400041,2024-11-29,ATL,CLE,1,117,101,16,0.3121193107690664,19,19,1,0,528,1,4,0,0,-5.837463,-15.219261,-7.40683,-0.230092,2.226634,0.6549,0.8525,-8.301729,0.23993829242256381
2024-25,0022400047,2024-11-29,CHI,BOS,0,129,138,-9,0.16079849535517896,20,18,1,0,528,3,2,0,0,-15.165925,-10.457862,-5.516929,-0.661685,2.226634,0.6442,0.8474,-10.58526,0.18691601689092016
2024-25,0022400043,2024-11-29,BKN,ORL,0,100,123,-23,0.2539630763198815,19,20,1,0,528,4,1,0,0,-5.945283,-3.162704,-1.277807,-0.218263,2.226634,0.5547,0.8685,-2.32736,0.41988525899667545
2024-25,0022400044,2024-11-29,MIN,LAC,1,93,92,1,0.6878806892309335,18,20,1,0,528,1,3,0,0,5.168765,-1.773957,-0.872486,0.478582,2.226634,0.7,0.5382,3.924038,0.6329759923885131
2024-25,0022400048,2024-11-29,LAL,OKC,0,93,101,-8,0.41115435030019515,18,18,1,0,528,2,1,0,0,-4.722135,-12.074047,-4.864335,-0.542629,2.226634,0.8184,0.7159,-6.171457,0.2979357925040661
2024-25,0022400045,2024-11-29,IND,DET,0,106,130,-24,0.656232981418711,19,20,1,0,528,1,1,0,0,3.545745,0.279083,0.061774,0.423032,2.226634,0.8038,0.4721,4.139048,0.6398856292453334
2024-25,0022400049,2024-11-29,POR,SAC,1,115,106,9,0.2539630763198815,19,19,1,0,528,6,3,0,0,-5.958773,-6.87222,-3.524024,-0.594629,2.226634,0.8641,0.7244,-4.188863,0.3585216297207775
2024-25,0022400042,2024-11-29,MEM,NOP,1,120,109,11,0.8392015046448209,19,19,1,0,528,2,7,0,0,4.883101,13.045422,6.445593,-0.577986,2.226634,0.4423,0.5741,11.190895,0.8255326262101137
2024-25,0022400046,2024-11-29,MIA,TOR,1,121,111,10,0.7722859781343504,16,19,1,0,528,3,2,0,0,3.953602,2.57129,1.985367,0.497152,2.226634,0.7958,0.4385,5.489079,0.6818685311281587
2024-25,0022400040,2024-11-29,CHA,NYK,0,98,99,-1,0.142341486589658,18,18,1,0,528,4,2,0,0,-10.617478,-9.890955,-4.665793,-1.162281,2.226634,0.5902,0.4149,-8.027583,0.24695068667795045
2024-25,0022400300,2024-11-30,CHA,ATL,0,104,107,-3,0.3121193107690664,19,20,1,0,528,5,1,1,1,-2.131482,0.012835,0.219926,-0.700399,2.569538,0.5902,0.6549,1.510215,0.5522466035289065
2024-25,0022400302,2024-11-30,MIL,WAS,1,124,114,10,0.8892726820276319,18,17,1,0,528,1,1,0,0,12.18457,11.993455,6.187275,1.145083,2.226634,0.6634,0.5918,14.315646,0.8795614976442547
2024-25,0022400301,2024-11-30,DET,PHI,0,96,111,-15,0.5179520501205839,21,17,1,0,528,1,5,1,0,-6.559885,3.950715,1.865979,-0.541622,0.089666,0.4721,0.3276,-1.214919,0.4579151060320409
2024-25,0022400303,2024-11-30,PHX,GSW,1,113,105,8,0.5179520501205839,18,18,1,0,528,3,0,0,0,0.098181,-9.281046,-3.850144,0.002843,2.226634,0.6479,0.7125,-2.364799,0.4186192036819138
2024-25,0022400304,2024-11-30,UTA,DAL,0,94,106,-12,0.3121193107690664,18,19,1,0,528,3,2,0,0,-6.130477,-12.359892,-5.58541,-0.562288,2.226634,0.6596,0.5515,-7.018551,0.27392504979755755
2024-25,0022400307,2024-12-01,CLE,BOS,1,115,111,4,0.5536717270480503,20,19,1,0,528,4,4,0,0,-3.495406,4.579222,1.248075,-0.518841,2.226634,0.8525,0.8474,2.768542,0.594962733228631
2024-25,0022400313,2024-12-01,SAC,SAS,0,125,127,-2,0.7178674702465342,20,19,1,0,528,2,3,0,0,2.188346,-0.695156,-0.919338,0.457259,2.226634,0.7244,0.7458,2.973229,0.6017946425382599
2024-25,0022400310,2024-12-01,HOU,OKC,1,119,116,3,0.44632827295194966,20,19,1,0,528,1,1,0,0,-4.945152,-2.671621,-1.245321,-0.606992,2.226634,0.9686,0.7159,-1.581753,0.44529785524902976
2024-25,0022400308,2024-12-01,NYK,NOP,1,118,85,33,0.857658513410342,19,20,1,0,528,0,3,0,0,11.910606,14.447678,7.106816,0.116548,2.226634,0.4149,0.5741,15.405776,0.8947015104354279
2024-25,0022400309,2024-12-01,TOR,MIA,1,119,116,3,0.34376701858128905,20,17,1,0,528,2,0,0,0,-3.953602,-2.57129,-2.179684,-0.497152,2.226634,0.4385,0.7958,-1.035812,0.4640962019364083
2024-25,0022400311,2024-12-01,UTA,LAL,0,104,105,-1,0.3121193107690664,19,19,1,0,528,3,4,1,0,-7.000728,-6.099664,-2.669583,-0.459937,0.089666,0.6596,0.8184,-6.46053,0.28960651437283885
2024-25,0022400314,2024-12-01,LAC,DEN,1,126,122,4,0.41115435030019515,21,17,1,0,528,3,2,0,0,-4.972005,0.492648,0.040974,-0.450421,2.226634,0.5382,0.7252,-0.013045,0.49954705440376523
2024-25,0022400316,2024-12-02,BOS,MIA,1,108,89,19,0.796561813968603,20,18,1,0,528,4,2,1,1,9.123109,6.695486,4.628261,0.470256,2.569538,0.8474,0.7958,10.478836,0.8108271727771419
2024-25,0022400318,2024-12-02,MIN,LAL,1,109,80,29,0.7460369236801184,19,20,1,0,528,1,2,0,1,2.992629,2.173537,0.944126,0.461395,4.706506,0.7,0.8184,7.28959,0.733497974615238
2024-25,0022400051,2024-12-03,CLE,WAS,1,118,87,31,0.9026490636820277,21,18,1,0,528,1,1,0,0,13.888683,20.991785,11.021035,1.114412,2.226634,0.8525,0.5918,19.666868,0.9388605350016419
2024-25,0022400050,2024-12-03,CHA,PHI,0,104,110,-6,0.34376701858128905,20,18,1,0,528,4,3,0,0,-1.975648,1.705116,1.045012,-1.12941,2.226634,0.5902,0.3276,2.091368,0.5721106441692226
2024-25,0022400058,2024-12-03,DEN,GSW,1,119,115,4,0.656232981418711,18,19,1,0,528,1,2,0,0,3.091888,-6.607033,-2.52663,0.328004,2.226634,0.7252,0.7125,0.469061,0.5162810734839853
2024-25,0022400052,2024-12-03,DET,MIL,0,107,128,-21,0.41115435030019515,22,19,1,0,528,0,1,0,0,-9.457919,-3.962498,-1.616559,-0.373374,2.226634,0.4721,0.6634,-4.483575,0.3491633806476151
2024-25,0022400057,2024-12-03,PHX,SAS,1,104,93,11,0.7178674702465342,19,20,1,0,528,1,5,0,0,2.559828,-1.889623,-1.196142,0.533904,2.226634,0.6479,0.7458,2.561736,0.5880225453424582
2024-25,0022400321,2024-12-04,MIA,LAL,1,134,93,41,0.6231343912109123,19,21,1,0,636,2,3,0,0,-0.704104,1.05329,0.306805,0.028808,2.274016,0.7958,0.8184,2.448609,0.5842110828408149
2024-25,0022400322,2024-12-04,PHI,ORL,0,102,106,-4,0.2821325297534659,19,23,1,0,636,4,3,1,1,-9.435059,-7.175233,-4.580024,0.073593,2.213019,0.3276,0.8685,-6.092127,0.30024557397030915
2024-25,0022400325,2024-12-05,CLE,DEN,1,126,114,12,0.6231343912109123,22,19,1,0,636,0,2,0,0,-0.682125,6.679129,3.277733,-0.132619,2.274016,0.8525,0.7252,5.272519,0.6753085290309748
2024-25,0022400326,2024-12-05,WAS,DAL,0,101,137,-36,0.12568574432740198,19,22,1,0,636,4,1,0,0,-14.059119,-16.604591,-9.469347,-0.254739,2.274016,0.5918,0.5515,-13.057838,0.14020496033870844
2025-26,0022500001,2025-10-21,OKC,HOU,1,125,124,1,0.7178674702465342,0,0,1,1,0,0,0,0,0,0.0,8.142937,0.0,4.456617,2.09102,0.5556,0.5556,6.162488,0.7018035825861386
2025-26,0022500002,2025-10-21,LAL,GSW,0,109,119,-10,0.41115435030019515,0,0,1,1,0,0,0,0,0,0.0,-1.455956,0.0,-1.202433,2.09102,0.5556,0.5556,1.363042,0.5471870090792955
2025-26,0022500083,2025-10-22,BOS,PHI,0,116,117,-1,0.6878806892309335,0,0,1,1,0,0,0,0,0,0.0,11.930729,0.0,8.138925,2.09102,0.5556,0.5556,8.056385,0.7537924785037098
2025-26,0022500087,2025-10-22,UTA,LAC,1,129,108,21,0.2034381860313969,0,0,1,1,0,0,0,0,0,0.0,-13.465155,0.0,-7.426831,2.09102,0.5556,0.5556,-4.641557,0.344193732760691
2025-26,0022500089,2025-10-22,POR,MIN,0,114,118,-4,0.34376701858128905,0,0,1,1,0,0,0,0,0,0.0,-6.488882,0.0,-4.593329,2.09102,0.5556,0.5556,-1.153421,0.46003610285944635
2025-26,0022500081,2025-10-22,ORL,MIA,1,125,121,4,0.7594059276819749,0,0,1,1,0,0,0,0,0,0.0,0.449535,0.0,-0.060772,2.09102,0.5556,0.5556,2.315788,0.579723187889735
2025-26,0022500085,2025-10-22,MEM,NOP,1,128,122,6,0.6398498804305458,0,0,1,1,0,0,0,0,0,0.0,11.553488,0.0,7.157099,2.09102,0.5556,0.5556,7.867764,0.7488982745491708
2025-26,0022500086,2025-10-22,MIL,WAS,1,133,120,13,0.8079557703650804,0,0,1,1,0,0,0,0,0,0.0,12.839083,0.0,7.853394,2.09102,0.5556,0.5556,8.510562,0.7653112584354781
2025-26,0022500003,2025-10-22,NYK,CLE,1,119,111,8,0.44632827295194966,0,0,1,1,0,0,0,0,0,0.0,-4.997778,0.0,-3.170363,2.09102,0.5556,0.5556,-0.407869,0.48584168262483907
2025-26,0022500082,2025-10-22,ATL,TOR,0,118,138,-20,0.6878806892309335,0,0,1,1,0,0,0,0,0,0.0,2.418259,0.0,1.473207,2.09102,0.5556,0.5556,3.30015,0.6126236537608235
2025-26,0022500080,2025-10-22,CHA,BKN,1,136,117,19,0.6878806892309335,0,0,1,1,0,0,0,0,0,0.0,-2.994777,0.0,-1.171821,2.09102,0.5556,0.5556,0.593632,0.5206005503676966
2025-26,0022500084,2025-10-22,CHI,DET,1,115,111,4,0.39387933371189043,0,0,1,1,0,0,0,0,0,0.0,-3.425982,0.0,-2.072998,2.09102,0.5556,0.5556,0.378029,0.5131229918105452
2025-26,0022500088,2025-10-22,PHX,SAC,1,120,116,4,0.6231343912109123,0,0,1,1,0,0,0,0,0,0.0,-3.043933,0.0,-1.66502,2.09102,0.5556,0.5556,0.569054,0.5197485246225065
2025-26,0022500004,2025-10-22,DAL,SAS,0,92,125,-33,0.6231343912109123,0,0,1,1,0,0,0,0,0,0.0,1.808106,0.0,0.992592,2.09102,0.5556,0.5556,2.995073,0.6025214656199387
2025-26,0022500005,2025-10-23,IND,OKC,0,135,141,-6,0.2539630763198815,0,1,1,1,0,0,0,0,0,0.0,-9.468119,0.0,-5.251109,2.09102,0.5556,0.5556,-2.643039,0.4092446527806572
2025-26,0022500006,2025-10-23,GSW,DEN,1,137,131,6,0.5536717270480503,1,0,1,1,0,0,0,0,0,0.0,-1.025927,0.0,-0.233723,2.09102,0.5556,0.5556,1.578057,0.5545753320627111
2025-26,0022500095,2025-10-24,NOP,SAS,0,116,120,-4,0.3601501195694542,1,1,1,1,0,0,0,0,0,0.0,-5.246032,0.0,-3.439984,2.09102,0.5556,0.5556,-0.531996,0.48153631469964403
2025-26,0022500098,2025-10-24,SAC,UTA,1,105,104,1,0.6878806892309335,1,1,1,1,0,0,0,0,0,0.0,9.651995,0.0,4.990556,2.09102,0.5556,0.5556,6.917018,0.7232613188897696
2025-26,0022500090,2025-10-24,ORL,ATL,0,107,111,-4,0.6878806892309335,1,1,1,1,0,0,0,0,0,0.0,0.265517,0.0,0.586913,2.09102,0.5556,0.5556,2.223779,0.5766065191136442
2025-26,0022500092,2025-10-24,TOR,MIL,0,116,122,-6,0.5713487939127684,1,1,1,1,0,0,0,0,0,0.0,-4.935218,0.0,-3.552817,2.09102,0.5556,0.5556,-0.376589,0.48692697664711687
2025-26,0022500094,2025-10-24,MEM,MIA,0,114,146,-32,0.6061206662881097,1,1,1,1,0,0,0,0,0,0.0,4.271512,0.0,2.572803,2.09102,0.5556,0.5556,4.226776,0.6426885117838602
2025-26,0022500097,2025-10-24,POR,GSW,1,139,119,20,0.41115435030019515,1,2,1,1,0,0,0,0,1,0.0,-5.461877,0.0,-3.337243,4.736917,0.5556,0.5556,2.005978,0.5692049391852969
2025-26,0022500091,2025-10-24,BKN,CLE,0,124,131,-7,0.16079849535517896,1,1,1,1,0,0,0,0,0,0.0,-14.087713,0.0,-9.104601,2.09102,0.5556,0.5556,-4.952836,0.3345017372395675
2025-26,0022500093,2025-10-24,HOU,DET,0,111,115,-4,0.7178674702465342,1,1,1,1,0,0,0,0,0,0.0,1.574458,0.0,1.584089,2.09102,0.5556,0.5556,2.878249,0.5986292340872014
2025-26,0022500019,2025-10-24,LAL,MIN,1,128,110,18,0.44632827295194966,1,1,1,1,0,0,0,0,0,0.0,-2.48296,0.0,-2.458519,2.09102,0.5556,0.5556,0.84954,0.5294637415009517
2025-26,0022500096,2025-10-24,DAL,WAS,0,107,117,-10,0.7846720167629381,1,1,1,1,0,0,0,0,0,0.0,9.910268,0.0,6.269749,2.09102,0.5556,0.5556,7.046154,0.7268368021649039
2025-26,0022500018,2025-10-24,NYK,BOS,1,105,95,10,0.6231343912109123,1,1,1,1,0,0,0,0,0,0.0,-3.370788,0.0,-2.593207,2.09102,0.5556,0.5556,0.405626,0.5140805107865521
2025-26,0022500099,2025-10-24,LAC,PHX,1,129,102,27,0.8079557703650804,1,1,1,1,0,0,0,0,0,0.0,6.857093,0.0,4.101295,2.09102,0.5556,0.5556,5.519567,0.6827863540911239
2025-26,0022500103,2025-10-25,MEM,IND,1,128,103,25,0.5713487939127684,2,1,1,1,0,0,0,1,0,0.0,1.574319,0.0,0.516098,-0.522234,0.5556,0.5556,0.264925,0.509197764127993
2025-26,0022500102,2025-10-25,PHI,CHA,1,125,121,4,0.656232981418711,1,1,1,1,0,0,0,0,0,0.0,3.524772,0.0,1.56034,2.09102,0.5556,0.5556,3.853406,0.6306940100947169
2025-26,0022500101,2025-10-25,ATL,OKC,0,100,117,-17,0.2277140218656496,2,2,1,1,0,0,0,1,0,0.0,-11.981295,0.0,-7.955499,-0.522234,0.5556,0.5556,-6.512881,0.2881129146172191
2025-26,0022500100,2025-10-25,ORL,CHI,0,98,110,-12,0.7030927392097281,2,1,1,1,0,0,0,1,0,0.0,1.427599,0.0,0.745118,-0.522234,0.5556,0.5556,0.191566,0.5066511890308758
2025-26,0022500104,2025-10-25,DEN,PHX,1,133,111,22,0.8662053788148977,1,2,1,1,0,0,0,0,1,0.0,6.425095,0.0,3.532598,4.736917,0.5556,0.5556,7.949464,0.7510260808786269
2025-26,0022500111,2025-10-26,DAL,TOR,1,139,129,10,0.44632827295194966,2,2,1,1,0,0,0,0,0,0.0,2.006403,0.0,1.969172,2.09102,0.5556,0.5556,3.094222,0.6058146917442817
2025-26,0022500108,2025-10-26,MIA,NYK,1,115,107,8,0.37686560878908776,2,2,1,1,0,0,0,0,0,0.0,-3.799605,0.0,-2.382728,2.09102,0.5556,0.5556,0.191218,0.5066391070332174
2025-26,0022500112,2025-10-26,LAC,POR,1,114,107,7,0.7722859781343504,2,2,1,1,0,0,0,0,0,0.0,6.919803,0.0,4.139663,2.09102,0.5556,0.5556,5.550922,0.6837288190359028
2025-26,0022500105,2025-10-26,SAS,BKN,1,118,107,11,0.8188567031623804,2,2,1,1,0,0,0,0,0,0.0,3.254387,0.0,2.407197,2.09102,0.5556,0.5556,3.718214,0.626309929671439
2025-26,0022500113,2025-10-26,SAC,LAL,0,120,127,-7,0.6231343912109123,2,2,1,1,0,0,0,0,0,0.0,-0.899278,0.0,-0.431422,2.09102,0.5556,0.5556,1.641381,0.5567468557280636
2025-26,0022500110,2025-10-26,MIN,IND,1,114,110,4,0.8486610605386135,2,2,1,1,0,0,0,0,1,0.0,1.545486,0.0,1.276739,4.736917,0.5556,0.5556,5.50966,0.6824882551175996
2025-26,0022500109,2025-10-26,WAS,CHA,0,113,139,-26,0.5536717270480503,2,2,1,1,0,0,0,0,1,0.0,-1.852999,0.0,-1.698139,4.736917,0.5556,0.5556,3.810417,0.6293022455645428
2025-26,0022500107,2025-10-26,CLE,MIL,1,118,113,5,0.7178674702465342,2,2,1,1,0,0,0,0,0,0.0,6.096406,0.0,4.121166,2.09102,0.5556,0.5556,5.139223,0.6712360769824102
2025-26,0022500106,2025-10-26,DET,BOS,1,119,113,6,0.5888456496998049,2,2,1,1,0,0,0,0,0,0.0,-4.722475,0.0,-3.708826,2.09102,0.5556,0.5556,-0.270218,0.4906185476223432
2025-26,0022500115,2025-10-27,CHI,ATL,1,128,123,5,0.41115435030019515,2,3,1,1,0,0,0,0,0,0.0,-1.162082,0.0,-0.158205,2.09102,0.5556,0.5556,1.509979,0.5522385086017376
2025-26,0022500117,2025-10-27,NOP,BOS,0,90,122,-32,0.34376701858128905,2,3,1,1,0,0,0,0,1,0.0,-14.45237,0.0,-9.560231,4.736917,0.5556,0.5556,-2.489268,0.41441785988060825
2025-26,0022500121,2025-10-27,GSW,MEM,1,131,118,13,0.7594059276819749,3,3,1,1,0,0,0,0,0,0.0,-1.055837,0.0,-0.495445,2.09102,0.5556,0.5556,1.563102,0.5540621946952168
2025-26,0022500122,2025-10-27,LAL,POR,0,108,122,-14,0.37686560878908776,3,3,1,1,0,0,0,1,1,0.0,4.005921,0.0,2.13481,2.123663,0.5556,0.5556,4.126623,0.6394878886014984
2025-26,0022500116,2025-10-27,HOU,BKN,1,137,109,28,0.9026490636820277,2,3,1,1,0,0,0,0,1,0.0,9.312707,0.0,6.402708,4.736917,0.5556,0.5556,9.39327,0.7866116367237369
2025-26,0022500007,2025-10-27,DET,CLE,0,95,116,-21,0.42865120608723156,3,3,1,1,0,0,0,1,1,0.0,-6.349465,0.0,-4.285982,2.123663,0.5556,0.5556,-1.05107,0.46356920319867556
2025-26,0022500008,2025-10-27,MIN,DEN,0,114,127,-13,0.29690726079027185,3,2,1,1,0,0,0,1,0,0.0,0.001077,0.0,1.022363,-0.522234,0.5556,0.5556,-0.521695,0.48189349886472016
2025-26,0022500118,2025-10-27,SAS,TOR,1,121,103,18,0.656232981418711,3,3,1,1,0,0,0,1,1,0.0,0.198298,0.0,0.976579,2.123663,0.5556,0.5556,2.222811,0.5765737293041127
2025-26,0022500119,2025-10-27,DAL,OKC,0,94,101,-7,0.21532798323706193,3,3,1,1,0,0,0,1,0,0.0,-12.393151,0.0,-7.459535,-0.522234,0.5556,0.5556,-6.718809,0.2822824521051057
2025-26,0022500114,2025-10-27,PHI,ORL,1,136,124,12,0.2821325297534659,2,3,1,1,0,0,0,0,0,0.0,-5.20987,0.0,-3.102219,2.09102,0.5556,0.5556,-0.513915,0.48216330613374364
2025-26,0022500120,2025-10-27,UTA,PHX,1,138,134,4,0.5536717270480503,2,3,1,1,0,0,0,0,0,0.0,-6.608062,0.0,-3.325536,2.09102,0.5556,0.5556,-1.213011,0.4579809098670803
2025-26,0022500127,2025-10-28,GSW,LAC,1,98,79,19,0.44632827295194966,4,3,1,1,106,0,1,1,0,-6.964806,-1.808647,-0.03776,-0.772732,-0.554314,0.7694,0.6411,-4.941041,0.33486653502347324
2025-26,0022500123,2025-10-28,WAS,PHI,0,134,139,-5,0.34376701858128905,3,3,1,1,106,0,1,0,1,-4.203716,-5.026971,-1.230775,-2.769707,4.587253,0.5574,0.4945,-0.028091,0.4990246298920352
2025-26,0022500125,2025-10-28,MIL,NYK,1,121,111,10,0.42865120608723156,3,3,1,1,106,0,2,0,0,-2.606335,-1.006751,0.286337,-0.808183,2.096451,0.6569,0.8268,0.289908,0.5100648922109975
2025-26,0022500124,2025-10-28,MIA,CHA,1,144,117,27,0.656232981418711,3,3,1,1,106,1,1,0,0,3.156861,5.115201,-0.136589,4.014831,2.096451,0.5479,0.3675,6.232482,0.7038340127847621
2025-26,0022500126,2025-10-28,OKC,SAC,1,107,101,6,0.7846720167629381,4,3,1,1,106,2,4,1,0,9.064341,11.577717,1.475664,5.482467,-0.554314,0.7019,0.574,9.766715,0.7951883460149208
2025-26,0022500136,2025-10-29,MIN,LAL,0,115,116,-1,0.7594059276819749,4,4,1,1,106,2,3,0,0,3.053722,1.799328,-0.873747,1.966815,2.096451,0.8674,0.5383,4.522976,0.6520791744815867
2025-26,0022500132,2025-10-29,CHI,SAC,1,126,113,13,0.656232981418711,3,4,1,1,106,0,3,0,1,0.390627,-0.084036,1.228359,-1.061984,4.587253,0.6836,0.574,4.740549,0.6589030221156573
2025-26,0022500135,2025-10-29,UTA,POR,0,134,136,-2,0.39387933371189043,3,4,1,1,106,0,1,0,0,-3.262479,-4.422239,0.665486,-2.87028,2.096451,0.5335,0.721,-1.745908,0.4396735002672165
2025-26,0022500130,2025-10-29,BKN,ATL,0,112,117,-5,0.24059407231802515,4,4,1,1,106,2,2,0,0,-6.672214,-5.806196,-0.879967,-2.32306,2.096451,0.488,0.6428,-4.142754,0.35999577498346186
2025-26,0022500134,2025-10-29,DEN,NOP,1,122,88,34,0.8392015046448209,3,3,1,1,106,0,0,0,0,10.875284,13.483037,2.537293,5.861071,2.096451,0.7026,0.4451,14.275611,0.8789712204765934
2025-26,0022500128,2025-10-29,BOS,CLE,1,125,105,20,0.37686560878908776,4,4,1,1,106,1,1,0,0,-4.036918,-1.033688,-0.208072,-0.461725,2.096451,0.5257,0.564,-0.438852,0.48476679838256803
2025-26,0022500137,2025-10-29,PHX,MEM,0,113,114,-1,0.42865120608723156,4,4,1,1,106,2,3,0,0,-4.04326,-5.420993,-0.804004,-3.035456,2.096451,0.4997,0.4414,-2.635675,0.4094919488336879
2025-26,0022500131,2025-10-29,TOR,HOU,0,121,139,-18,0.3121193107690664,4,3,1,1,106,1,0,0,0,-9.321234,-7.639402,-1.359061,-4.107038,2.096451,0.7602,0.5552,-6.383867,0.29180200472332507
2025-26,0022500133,2025-10-29,DAL,IND,1,107,105,2,0.7030927392097281,4,3,1,1,106,2,5,0,0,-0.808137,-4.575611,-0.477553,-1.856382,2.096451,0.5074,0.6393,-0.595423,0.4793373530241509
2025-26,0022500129,2025-10-29,DET,ORL,1,135,116,19,0.44632827295194966,4,4,1,1,106,0,0,0,0,-2.085257,4.059109,0.123848,1.062304,2.096451,0.5728,0.6641,3.083377,0.6054549458240024
2025-26,0022500138,2025-10-30,CHA,ORL,0,107,123,-16,0.37686560878908776,4,5,1,1,106,1,1,0,1,-4.602263,-1.521177,2.253153,-3.979407,4.587253,0.3675,0.6641,1.525533,0.5527726256589955
2025-26,0022500140,2025-10-30,OKC,WAS,1,127,108,19,0.9026490636820277,5,4,1,1,106,2,0,0,0,14.02421,21.098382,1.729739,11.317694,2.096451,0.7019,0.5574,19.657747,0.93878778061579
2025-26,0022500141,2025-10-30,SAS,MIA,1,107,101,6,0.6878806892309335,4,4,1,1,106,1,1,0,0,0.068596,0.659993,1.144557,-0.902257,2.096451,0.6268,0.5479,2.460746,0.5846204668146345
2025-26,0022500139,2025-10-30,MIL,GSW,1,120,110,10,0.24059407231802515,4,5,1,1,106,1,1,0,0,-6.705216,0.035591,0.287018,-0.457944,2.096451,0.6569,0.7694,-1.238361,0.4571070296518736
2025-26,0022500020,2025-10-31,IND,ATL,0,108,128,-20,0.41115435030019515,4,5,1,1,106,4,2,0,0,-0.477009,2.695703,-0.062369,2.253154,2.096451,0.6393,0.6428,3.205798,0.6095092284648254
2025-26,0022500023,2025-10-31,CHI,NYK,1,135,125,10,0.3277474371069136,4,4,1,1,106,0,1,0,0,-6.813521,-4.183813,0.221816,-2.710325,2.096451,0.6836,0.8268,-3.402216,0.3840176007920494
2025-26,0022500027,2025-10-31,LAC,NOP,1,126,124,2,0.8292696227822476,4,4,1,1,106,1,1,0,0,13.14462,13.14088,2.190357,6.344464,2.096451,0.6411,0.4451,15.239201,0.892501923618223
2025-26,0022500021,2025-10-31,PHI,BOS,0,108,109,-1,0.44632827295194966,4,5,1,1,106,1,1,0,0,-4.160989,-11.790125,0.084167,-6.682483,2.096451,0.4945,0.5257,-5.879106,0.306498078421426
2025-26,0022500026,2025-10-31,POR,DEN,1,109,107,2,0.3121193107690664,5,4,1,1,106,1,0,0,0,-6.671108,-6.958405,-0.780737,-2.959134,2.096451,0.721,0.7026,-4.718306,0.3417916431227307
2025-26,0022500022,2025-10-31,CLE,TOR,0,101,112,-11,0.656232981418711,5,5,1,1,106,3,1,0,0,4.559287,11.809237,1.420738,6.139186,2.096451,0.564,0.7602,10.280713,0.8065702756210734
2025-26,0022500024,2025-10-31,MEM,LAL,0,112,117,-5,0.42865120608723156,5,5,1,1,106,4,3,0,0,-2.813605,0.158775,-0.898253,1.358302,2.096451,0.4414,0.5383,0.769036,0.5266772856286963
2025-26,0022500025,2025-10-31,PHX,UTA,1,118,96,22,0.6231343912109123,5,4,1,1,106,1,0,0,0,-0.094902,2.183112,-2.353856,2.900975,2.096451,0.4997,0.5335,3.140556,0.6073504062658711
2025-26,0022500145,2025-11-01,WAS,ORL,0,94,125,-31,0.21532798323706193,5,6,1,1,106,0,0,0,0,-8.206042,-7.596374,-0.087444,-5.422825,2.096451,0.5574,0.6641,-5.804757,0.30869737231312994
2025-26,0022500144,2025-11-01,IND,GSW,1,114,109,5,0.1811432968376197,5,6,1,1,106,4,2,1,0,-5.424518,-2.03734,-1.681313,0.073119,-0.554314,0.6393,0.7694,-4.285243,0.3554488772325832
2025-26,0022500147,2025-11-01,DET,DAL,1,122,110,12,0.7460369236801184,5,5,1,1,106,2,4,0,0,2.233143,5.690336,0.854935,1.135063,2.096451,0.5728,0.5074,6.05819,0.6987632109194567
2025-26,0022500142,2025-11-01,MIL,SAC,0,133,135,-2,0.7178674702465342,5,5,1,1,106,0,3,0,0,5.228549,3.093026,1.29288,0.840158,2.096451,0.6569,0.574,6.257238,0.7045502529099666
2025-26,0022500143,2025-11-01,CHA,MIN,0,105,122,-17,0.34376701858128905,5,5,1,1,106,1,1,0,0,-3.885381,-6.517718,2.22958,-6.694779,2.096451,0.3675,0.8674,-3.105099,0.39382461090682747
2025-26,0022500146,2025-11-01,BOS,HOU,0,101,128,-27,0.34376701858128905,6,4,1,1,106,0,0,1,0,-3.555794,3.136147,-0.112339,1.570423,-0.554314,0.5257,0.5552,-0.764138,0.47349230705232864
2025-26,0022500153,2025-11-02,NYK,CHI,1,128,116,12,0.7460369236801184,5,5,1,1,106,1,1,0,0,5.976291,4.183813,-0.178133,2.710325,2.096451,0.8268,0.6836,7.176503,0.7304164451618143
2025-26,0022500149,2025-11-02,BKN,PHI,0,105,129,-24,0.34376701858128905,5,5,1,1,106,2,2,0,0,0.083686,-2.988112,-2.42085,-0.139472,2.096451,0.488,0.4945,0.644238,0.522354474606618
2025-26,0022500152,2025-11-02,TOR,MEM,1,117,104,13,0.656232981418711,6,6,1,1,106,1,3,0,0,-2.279925,-4.910816,-0.067568,-3.754956,2.096451,0.7602,0.4414,-1.49892,0.44814133804319833
2025-26,0022500155,2025-11-02,LAL,MIA,1,130,120,10,0.6722525628930864,6,5,1,1,106,3,1,0,0,4.466194,-0.396811,-1.187603,0.713133,2.096451,0.5383,0.5479,4.131142,0.6396325713217046
2025-26,0022500148,2025-11-02,OKC,NOP,1,137,106,31,0.8662053788148977,6,5,1,1,106,2,0,0,0,10.58264,19.852516,2.413088,9.756097,2.096451,0.7019,0.4451,17.314029,0.9171869970263898
2025-26,0022500154,2025-11-02,PHX,SAS,1,130,118,12,0.3277474371069136,6,5,1,1,106,2,1,0,0,-2.357836,-6.319022,-3.943384,-0.061763,2.096451,0.4997,0.6268,-2.241978,0.4227765176465765
2025-26,0022500150,2025-11-02,CHA,UTA,1,126,103,23,0.44632827295194966,6,5,1,1,106,2,1,1,0,-0.017299,2.726939,0.720115,-0.149836,-0.554314,0.3675,0.5335,0.800506,0.527766750246453
2025-26,0022500151,2025-11-02,CLE,ATL,1,117,109,8,0.7178674702465342,6,6,1,1,106,2,2,0,0,3.328039,10.005728,1.747283,4.96062,2.096451,0.564,0.6428,8.763334,0.7715580495117993
2025-26,0022500161,2025-11-03,MEM,DET,0,106,114,-8,0.3601501195694542,7,6,1,1,106,5,3,1,0,0.732501,-0.70312,-0.265885,1.044555,-0.554314,0.4414,0.5728,-0.539624,0.4812718261183691
2025-26,0022500158,2025-11-03,BOS,UTA,0,103,105,-2,0.8188567031623804,7,6,1,1,106,0,2,0,1,5.55389,13.468838,-0.370699,7.858936,4.587253,0.5257,0.5335,14.098617,0.8763316562059115
2025-26,0022500162,2025-11-03,DEN,SAC,1,130,124,6,0.8392015046448209,5,6,1,1,106,0,4,0,0,8.988071,5.208238,1.599868,1.587441,2.096451,0.7026,0.574,9.194605,0.781943540984746
2025-26,0022500163,2025-11-03,POR,LAL,0,115,123,-8,0.796561813968603,6,7,1,1,106,2,3,0,1,3.853942,-3.023091,0.125638,-1.707848,4.587253,0.721,0.5383,5.002679,0.667037520885411
2025-26,0022500160,2025-11-03,HOU,DAL,1,110,102,8,0.857658513410342,5,6,1,1,106,1,3,0,0,8.907243,7.715802,2.120461,2.531701,2.096451,0.5552,0.5074,10.407973,0.8093129166393489
2025-26,0022500159,2025-11-03,NYK,WAS,1,119,102,17,0.8662053788148977,6,6,1,1,106,0,1,1,0,10.352306,13.620441,1.27559,7.483567,-0.554314,0.8268,0.5574,11.432059,0.8303043794352813
2025-26,0022500156,2025-11-03,BKN,MIN,0,109,125,-16,0.19204422963491963,6,6,1,1,106,1,1,1,0,-6.763167,-10.554056,-1.301093,-5.507963,-0.554314,0.488,0.8674,-9.212926,0.2176229153684281
2025-26,0022500164,2025-11-03,LAC,MIA,0,119,120,-1,0.7460369236801184,5,6,1,1,106,1,0,0,1,9.564527,3.196347,-0.603528,2.447811,4.587253,0.6411,0.5479,10.96769,0.8210224827086239
2025-26,0022500157,2025-11-03,IND,MIL,0,115,117,-2,0.2821325297534659,6,6,1,1,106,4,0,0,0,-2.434867,-2.072932,-1.925767,0.531063,2.096451,0.6393,0.6569,-0.157449,0.4945332553276709
2025-26,0022500169,2025-11-04,GSW,PHX,1,118,107,11,0.8188567031623804,7,7,1,0,206,2,2,0,0,7.507673,1.242862,0.990417,2.144269,2.099883,0.7694,0.4997,6.475151,0.7108110719516134
2025-26,0022500170,2025-11-04,LAC,OKC,0,107,126,-19,0.2277140218656496,6,7,1,0,206,2,1,1,0,-3.992727,-7.893636,-2.454924,-2.747428,-0.597067,0.6411,0.7019,-6.540249,0.2873339289148754
2025-26,0022500167,2025-11-04,CHI,PHI,1,113,111,2,0.5713487939127684,6,6,1,0,206,2,3,0,0,-1.828461,2.684059,-0.099947,1.649971,2.099883,0.6836,0.4945,2.527683,0.5868763045516733
2025-26,0022500166,2025-11-04,ATL,ORL,1,127,112,15,0.37686560878908776,7,7,1,0,206,1,0,0,0,-2.533079,-2.787563,-0.7395,-0.381494,2.099883,0.6428,0.6641,-0.560438,0.48055015735435896
2025-26,0022500165,2025-11-04,TOR,MIL,1,128,100,28,0.5888456496998049,7,7,1,0,206,0,0,0,1,-5.753502,-9.455003,-1.627299,-2.309331,4.568103,0.7602,0.6569,-3.036149,0.39611304201452247
2025-26,0022500168,2025-11-04,NOP,CHA,1,116,112,4,0.6061206662881097,6,7,1,0,206,3,2,0,0,2.412074,-13.708012,-3.16721,-0.152036,2.099883,0.4451,0.3675,-3.548086,0.37923660204334336
2025-26,0022500177,2025-11-05,DAL,NOP,0,99,101,-2,0.7594059276819749,7,7,1,0,206,2,4,0,1,-1.805753,3.37255,1.147757,3.123583,4.568103,0.5074,0.4451,5.351502,0.6777092249313161
2025-26,0022500180,2025-11-05,POR,OKC,1,121,119,2,0.37686560878908776,7,8,1,0,206,3,3,0,1,-7.046328,-7.900636,-2.226801,-5.569005,4.568103,0.721,0.7019,-2.905378,0.4004657676885823
2025-26,0022500176,2025-11-05,MEM,HOU,0,109,124,-15,0.2539630763198815,8,6,1,0,206,1,1,0,0,-10.320786,-15.644923,-3.885484,-0.42577,2.099883,0.4667,0.5552,-10.882971,0.1807130742802749
2025-26,0022500172,2025-11-05,DET,UTA,1,114,103,11,0.796561813968603,7,7,1,0,206,3,3,0,0,6.809873,7.160173,1.238922,3.779205,2.099883,0.5728,0.5335,9.084906,0.7793345222787904
2025-26,0022500181,2025-11-05,SAC,GSW,1,121,116,5,0.5888456496998049,7,8,1,0,206,5,3,0,1,-2.022159,-5.086015,-1.498724,-1.062006,4.568103,0.574,0.7694,1.014017,0.5351508264698954
2025-26,0022500175,2025-11-05,NYK,MIN,1,137,114,23,0.6231343912109123,7,7,1,0,206,0,1,0,0,-0.383787,-1.888838,0.017843,-0.617965,2.099883,0.8413,0.8674,0.963571,0.5334074765835028
2025-26,0022500174,2025-11-05,BOS,WAS,1,136,107,29,0.8662053788148977,8,7,1,0,206,2,1,0,0,10.791257,10.761844,3.01044,7.172709,2.099883,0.5257,0.6561,12.876434,0.856730214876855
2025-26,0022500178,2025-11-05,DEN,MIA,1,122,112,10,0.7846720167629381,6,7,1,0,206,1,0,0,0,7.570469,1.973025,0.679027,1.604563,2.099883,0.7026,0.5479,6.87163,0.7219978030850479
2025-26,0022500179,2025-11-05,LAL,SAS,1,118,116,2,0.44632827295194966,8,6,1,0,206,2,3,0,0,-2.105656,-7.158724,-1.130524,1.352361,2.099883,0.5383,0.6268,-2.532306,0.41296799724628797
2025-26,0022500171,2025-11-05,CLE,PHI,1,132,121,11,0.857658513410342,7,7,1,0,206,2,2,0,1,9.043291,-3.303696,-1.685261,5.836796,4.568103,0.564,0.4945,7.437901,0.7375051922781451
2025-26,0022500173,2025-11-05,IND,BKN,0,103,112,-9,0.7178674702465342,7,7,1,0,206,6,2,0,0,4.130652,9.508633,1.761949,3.64534,2.099883,0.6393,0.488,8.919525,0.7753590697901075
2025-26,0022500182,2025-11-06,PHX,LAC,1,115,102,13,0.5888456496998049,8,7,1,0,206,2,2,0,0,-4.263054,-0.440174,-0.040451,-2.796637,2.099883,0.4997,0.6411,-0.251731,0.49126023652862616
2025-26,0022500033,2025-11-07,MIA,CHA,1,126,108,18,0.7321870306660503,8,8,1,0,206,1,3,0,0,4.844958,5.222888,1.904867,3.070165,2.099883,0.5479,0.3675,7.133806,0.7292471714716539
2025-26,0022500032,2025-11-07,SAS,HOU,1,121,110,11,0.3601501195694542,7,7,1,0,206,2,0,0,0,-5.167322,2.282779,-0.101445,-2.796857,2.099883,0.6268,0.5552,0.657611,0.5228178642441272
2025-26,0022500037,2025-11-07,DEN,GSW,1,129,104,25,0.796561813968603,7,9,1,0,206,0,2,0,0,2.798659,7.261256,1.786343,0.254281,2.099883,0.7026,0.7694,7.129841,0.7291384153136475
2025-26,0022500030,2025-11-07,ATL,TOR,0,97,109,-12,0.5888456496998049,8,8,1,0,206,2,1,0,0,3.087499,2.194752,0.452015,0.957585,2.099883,0.6428,0.7602,4.741009,0.6589173856018039
2025-26,0022500038,2025-11-07,SAC,OKC,0,101,132,-31,0.16079849535517896,8,9,1,0,206,2,3,0,0,-12.771118,-12.176963,-3.276576,-4.461802,2.099883,0.574,0.7019,-10.374158,0.1914129441758235
2025-26,0022500029,2025-11-07,WAS,CLE,0,115,148,-33,0.12568574432740198,8,8,1,0,206,2,2,0,0,-9.713178,-7.240049,-2.665194,-7.783464,2.099883,0.6561,0.564,-6.37673,0.2920068811271129
2025-26,0022500031,2025-11-07,BKN,DET,0,107,125,-18,0.1811432968376197,8,8,1,0,206,3,1,0,0,-2.463794,-19.746369,-4.311211,-3.132102,2.099883,0.488,0.5728,-9.005198,0.2225751826923153
2025-26,0022500028,2025-11-07,ORL,BOS,1,123,110,13,0.6231343912109123,8,9,1,0,206,1,3,0,0,-0.153514,-0.431657,0.255937,-3.038256,2.099883,0.6641,0.5257,1.807298,0.5624259595087003
2025-26,0022500035,2025-11-07,MIL,CHI,1,126,110,16,0.656232981418711,8,7,1,0,206,1,1,0,0,4.721631,1.57507,0.280563,1.508067,2.099883,0.6569,0.6836,5.248234,0.6745685302141271
2025-26,0022500036,2025-11-07,MIN,UTA,1,137,97,40,0.857658513410342,8,8,1,0,206,1,1,0,0,9.873508,5.31796,1.20054,5.122323,2.099883,0.8674,0.5335,9.695617,0.7935754209387473
2025-26,0022500034,2025-11-07,MEM,DAL,1,118,104,14,0.6398498804305458,9,8,1,0,206,1,2,0,0,4.922699,1.900851,0.199448,1.655493,2.099883,0.4667,0.5074,5.511658,0.6825484006839602
2025-26,0022500188,2025-11-08,SAS,NOP,1,126,119,7,0.8292696227822476,8,8,1,0,206,3,4,1,0,5.180358,23.201103,5.373656,2.407989,-0.597067,0.6268,0.4451,13.593663,0.8685283223784348
2025-26,0022500186,2025-11-08,CLE,CHI,1,128,122,6,0.7722859781343504,9,8,1,0,206,3,1,1,1,8.331665,-5.987755,-1.43569,4.186825,1.871153,0.564,0.6836,3.043108,0.6041181208639701
2025-26,0022500183,2025-11-08,WAS,DAL,0,105,111,-6,0.34376701858128905,9,9,1,0,206,2,3,1,1,-3.258808,0.974296,-1.199878,-4.075337,1.871153,0.6561,0.5074,0.728897,0.5252873255436321
2025-26,0022500190,2025-11-08,LAC,PHX,0,103,114,-11,0.656232981418711,8,9,1,0,206,2,2,0,0,6.815852,0.440174,0.23193,2.796637,2.099883,0.6411,0.4997,5.727896,0.6890198884855241
2025-26,0022500185,2025-11-08,ATL,LAL,1,122,102,20,0.3121193107690664,9,9,1,0,206,5,1,1,0,-1.283647,-4.15291,-1.048382,-0.959144,-0.597067,0.6428,0.5383,-3.315346,0.38687559168720215
2025-26,0022500189,2025-11-08,DEN,IND,1,117,100,17,0.796561813968603,8,8,1,0,206,2,3,1,0,2.769175,13.738719,4.10634,0.267705,-0.597067,0.7026,0.6393,7.656879,0.743350330989818
2025-26,0022500184,2025-11-08,PHI,TOR,1,130,120,10,0.6722525628930864,8,9,1,0,206,0,1,0,1,2.762529,5.195873,1.86081,-0.848707,4.568103,0.4945,0.7602,8.547304,0.7662265884711604
2025-26,0022500187,2025-11-08,MIA,POR,1,136,131,5,0.37686560878908776,9,8,1,0,206,1,2,1,0,-1.561451,6.097919,1.58514,0.818925,-0.597067,0.5479,0.721,1.671167,0.5577675117709278
2025-26,0022500191,2025-11-09,MIL,HOU,0,115,122,-7,0.3601501195694542,9,8,1,0,206,1,0,0,0,-4.664621,-1.768604,-1.001945,-1.051894,2.099883,0.6569,0.5552,-1.116729,0.4613022317483382
2025-26,0022500197,2025-11-09,SAC,MIN,0,117,144,-27,0.34376701858128905,9,9,1,0,206,0,1,0,0,-4.675906,-7.004076,-1.535276,-1.878461,2.099883,0.574,0.8674,-3.740108,0.3729786537237052
2025-26,0022500194,2025-11-09,MEM,OKC,0,100,114,-14,0.1811432968376197,10,10,1,0,206,1,3,0,0,-6.373126,-15.460216,-3.970458,-3.193204,2.099883,0.4667,0.7019,-8.816788,0.22713605580486027
2025-26,0022500192,2025-11-09,NYK,BKN,1,134,98,36,0.9026490636820277,8,9,1,0,206,0,2,0,0,9.00662,16.015318,4.217013,3.857254,2.099883,0.8413,0.488,14.610852,0.8838376940179876
2025-26,0022500195,2025-11-09,PHI,DET,0,108,111,-3,0.34376701858128905,9,9,1,0,206,2,2,1,0,-2.539528,-2.512351,0.679634,-3.050907,-0.597067,0.4945,0.5728,-3.123007,0.3932309780311504
2025-26,0022500196,2025-11-09,GSW,IND,1,114,83,31,0.857658513410342,10,9,1,0,206,1,5,0,1,5.771328,6.477462,2.401411,0.013425,4.568103,0.7694,0.6393,10.692498,0.8153370356716562
2025-26,0022500193,2025-11-09,ORL,BOS,0,107,111,-4,0.6231343912109123,9,10,1,0,206,0,3,0,0,-1.163836,-0.431657,0.255937,-3.038256,2.099883,0.6641,0.5257,1.302137,0.5450902471330057
2025-26,0022500199,2025-11-10,DET,WAS,1,137,135,2,0.8292696227822476,10,10,1,0,206,4,1,1,0,8.216689,13.056096,3.450823,4.997575,-0.597067,0.5728,0.6561,10.039325,0.801285907515373
2025-26,0022500204,2025-11-10,PHX,NOP,1,121,98,23,0.7722859781343504,10,9,1,0,206,0,4,0,0,1.352434,12.399806,2.919115,2.428215,2.099883,0.4997,0.4451,8.976003,0.7767223909279551
2025-26,0022500203,2025-11-10,DAL,MIL,0,114,116,-2,0.37686560878908776,10,10,1,0,206,0,1,0,1,-6.955852,-15.77717,-3.16876,-1.029369,4.568103,0.5074,0.6569,-6.798408,0.2800480452150353
2025-26,0022500198,2025-11-10,CHA,LAL,0,111,121,-10,0.2277140218656496,9,10,1,0,206,1,2,0,0,-11.162722,-2.334367,-1.09706,-3.608313,2.099883,0.3675,0.5383,-4.648661,0.3439710584683038
2025-26,0022500202,2025-11-10,CHI,SAS,0,117,121,-4,0.3121193107690664,9,9,1,0,206,1,2,0,0,-4.003443,-5.626453,-0.969382,0.236896,2.099883,0.6836,0.6268,-2.715065,0.4068283902984369
2025-26,0022500201,2025-11-10,MIA,CLE,1,140,138,2,0.2539630763198815,10,10,1,0,206,1,4,0,0,-8.726126,7.344005,2.10072,-3.609509,2.099883,0.5479,0.564,1.408823,0.5487619781837949
2025-26,0022500206,2025-11-10,LAC,ATL,0,102,105,-3,0.656232981418711,9,10,1,0,206,3,1,0,0,6.345667,0.950511,-0.084352,2.423646,2.099883,0.6411,0.6428,5.747972,0.6896170314007404
2025-26,0022500200,2025-11-10,ORL,POR,1,115,112,3,0.5713487939127684,10,9,1,0,206,2,2,1,0,1.666871,1.844052,0.302896,0.779424,-0.597067,0.6641,0.721,1.158394,0.5401354836587982
2025-26,0022500205,2025-11-10,UTA,MIN,0,113,120,-7,0.2539630763198815,9,10,1,0,206,5,1,0,1,-6.906846,-5.31796,-1.059157,-5.122323,4.568103,0.5335,0.8674,-1.5443,0.44658311215473234
2025-26,0022500208,2025-11-11,NYK,MEM,1,133,120,13,0.8079557703650804,9,11,1,0,312,1,1,0,0,4.596088,12.026754,3.967317,0.126352,2.108968,0.8413,0.4667,10.420389,0.8095788984154624
2025-26,0022500209,2025-11-11,PHI,BOS,1,102,100,2,0.44632827295194966,10,11,1,0,312,1,3,0,0,-8.120856,-4.190553,-0.143063,-3.833859,2.108968,0.4945,0.5257,-4.046736,0.3630740280985424
2025-26,0022500212,2025-11-11,SAC,DEN,0,108,122,-14,0.2277140218656496,10,9,1,0,312,1,2,0,0,-9.199478,-15.636853,-5.614176,-1.03615,2.108968,0.574,0.7026,-10.309197,0.19281324780938078
2025-26,0022500207,2025-11-11,BKN,TOR,0,109,119,-10,0.19204422963491963,10,10,1,0,312,2,2,0,0,-5.526886,-14.598675,-5.058062,-0.715309,2.108968,0.488,0.7602,-7.953812,0.248861015284466
2025-26,0022500211,2025-11-11,UTA,IND,1,152,128,24,0.41115435030019515,10,10,1,0,312,4,5,1,0,-7.596666,0.877224,1.330655,-3.301879,-0.609037,0.5335,0.6393,-3.968758,0.36558225499075514
2025-26,0022500210,2025-11-11,OKC,GSW,1,126,102,24,0.7722859781343504,11,11,1,0,312,3,1,0,0,5.186772,8.35546,3.323574,2.353705,2.108968,0.7019,0.7694,8.880084,0.7744034895577854
2025-26,0022500217,2025-11-12,MIA,CLE,0,116,130,-14,0.656232981418711,11,11,1,0,312,1,4,0,0,-0.489574,1.22365,0.921554,-2.498891,2.108968,0.5479,0.564,2.476006,0.5851350741045004
2025-26,0022500219,2025-11-12,NOP,POR,0,117,125,-8,0.24059407231802515,10,10,1,0,312,2,0,0,0,-6.911755,-9.6632,-3.492044,-1.662206,2.108968,0.4451,0.721,-6.17851,0.29773095855668646
2025-26,0022500218,2025-11-12,HOU,WAS,1,135,112,23,0.9145647629102059,9,11,1,0,312,0,2,0,0,17.540956,17.085056,7.133417,4.431433,2.108968,0.5552,0.6561,19.421974,0.93687874980534
2025-26,0022500223,2025-11-12,SAC,ATL,0,100,133,-33,0.34376701858128905,11,11,1,0,312,2,0,1,0,-2.875851,-6.304978,-2.533195,0.500016,-0.609037,0.574,0.6428,-5.199452,0.32692058208725183
2025-26,0022500222,2025-11-12,OKC,LAL,1,121,92,29,0.7594059276819749,12,11,1,0,312,2,1,1,0,5.493638,7.729739,3.079104,2.8948,-0.609037,0.7019,0.5383,6.002652,0.6971370456540291
2025-26,0022500213,2025-11-12,CHA,MIL,1,111,100,11,0.41115435030019515,10,11,1,0,312,1,2,0,0,-4.229771,-4.855132,-1.437566,-3.019225,2.108968,0.3675,0.6569,-2.433483,0.41629932881750537
2025-26,0022500216,2025-11-12,BOS,MEM,1,131,95,36,0.7722859781343504,12,12,1,0,312,1,2,1,1,3.278181,11.308913,2.63597,1.081409,1.978063,0.5257,0.4667,9.271611,0.783761650791502
2025-26,0022500214,2025-11-12,DET,CHI,1,124,113,11,0.39387933371189043,11,10,1,0,312,5,1,0,0,-2.260958,3.935985,0.654357,0.986337,2.108968,0.5728,0.6836,2.946482,0.6009040843883834
2025-26,0022500220,2025-11-12,SAS,GSW,0,120,125,-5,0.6231343912109123,10,12,1,0,312,1,2,0,1,-2.421043,7.164397,1.945658,-1.520161,4.696069,0.6268,0.7694,7.067746,0.7274317965947217
2025-26,0022500215,2025-11-12,NYK,ORL,0,107,124,-17,0.6398498804305458,10,11,1,0,312,0,0,1,0,5.668776,5.518178,1.703012,1.311461,-0.609037,0.8413,0.6641,4.98444,0.6664746746266349
2025-26,0022500221,2025-11-12,DAL,PHX,0,114,123,-9,0.42865120608723156,11,11,1,0,312,0,1,0,0,-4.616643,-9.447371,-2.808458,0.481408,2.108968,0.5074,0.4997,-4.923039,0.33542365110349215
2025-26,0022500224,2025-11-12,LAC,DEN,0,116,130,-14,0.34376701858128905,10,10,1,0,312,3,0,0,1,1.800233,-12.863726,-4.752429,0.181988,4.696069,0.6411,0.7026,-0.835678,0.4710159288002899
2025-26,0022500227,2025-11-13,UTA,ATL,0,122,132,-10,0.44632827295194966,11,12,1,0,312,4,2,0,1,-3.931244,-6.239681,-2.101327,-1.995261,4.696069,0.5335,0.6428,-0.389394,0.4864826602488846
2025-26,0022500226,2025-11-13,PHX,IND,1,133,98,35,0.6231343912109123,12,11,1,0,312,2,3,1,0,2.035261,8.902557,3.458672,-1.564842,-0.609037,0.4997,0.6393,4.859872,0.6626178653244833
2025-26,0022500225,2025-11-13,CLE,TOR,0,113,126,-13,0.7460369236801184,12,11,1,0,312,3,2,1,0,5.170141,2.896869,0.52243,3.57253,-0.609037,0.564,0.7602,3.424468,0.6167131974468023
2025-26,0022500039,2025-11-14,NYK,MIA,1,140,132,8,0.7178674702465342,11,12,1,0,312,1,1,0,0,5.049132,0.726748,0.206469,1.284113,2.108968,0.8413,0.5479,4.996908,0.666859481105109
2025-26,0022500046,2025-11-14,DAL,LAC,0,127,133,-6,0.39387933371189043,12,11,1,0,312,2,5,0,0,-10.480275,-4.129868,-1.055172,-1.49497,2.108968,0.5074,0.6411,-5.196103,0.3270229199613181
2025-26,0022500045,2025-11-14,NOP,LAL,0,104,118,-14,0.2034381860313969,11,12,1,0,312,2,3,0,0,-10.132806,-10.889353,-4.066865,-2.699058,2.108968,0.4451,0.5383,-8.402111,0.2374049346812937
2025-26,0022500041,2025-11-14,DET,PHI,1,114,105,9,0.5358578756953277,12,11,1,0,312,3,2,0,0,-1.800498,6.613625,0.834431,2.164888,2.108968,0.5728,0.4945,4.515532,0.6518445792354195
2025-26,0022500042,2025-11-14,HOU,POR,1,140,116,24,0.7460369236801184,10,11,1,0,312,0,0,0,0,6.571682,7.058611,2.529221,2.184908,2.108968,0.5552,0.721,8.924114,0.7754700649651947
2025-26,0022500043,2025-11-14,MIL,CHA,1,147,134,13,0.7846720167629381,12,11,1,0,312,2,3,0,0,6.823953,4.855132,1.631743,3.019225,2.108968,0.6569,0.3675,7.94851,0.751001313262509
2025-26,0022500044,2025-11-14,MIN,SAC,1,124,110,14,0.8392015046448209,11,12,1,0,312,1,1,0,0,9.675505,10.790908,3.827282,1.291492,2.108968,0.8674,0.574,12.342174,0.8473790735856951
2025-26,0022500047,2025-11-14,SAS,GSW,0,108,109,-1,0.5888456496998049,11,13,1,0,312,2,3,0,0,-2.43779,7.164397,1.945658,-1.520161,2.108968,0.6268,0.7694,4.472272,0.6504797974690968
2025-26,0022500040,2025-11-14,ORL,BKN,1,105,98,7,0.8892726820276319,12,11,1,0,312,1,2,0,0,6.651493,13.927764,4.63927,1.761601,2.108968,0.6641,0.488,12.398597,0.8483897816663064
2025-26,0022500232,2025-11-15,MIN,DEN,0,112,123,-11,0.4641421243046722,12,11,1,0,312,1,3,1,0,2.182787,-4.845945,-1.632112,0.255342,-0.609037,0.8674,0.7026,-1.940616,0.43302249251545405
2025-26,0022500230,2025-11-15,IND,TOR,0,111,129,-18,0.29690726079027185,12,12,1,0,312,4,1,0,0,-2.733223,-7.209046,-3.792052,2.088799,2.108968,0.6393,0.7602,-2.862166,0.40190758829681855
2025-26,0022500231,2025-11-15,MIL,LAL,0,95,119,-24,0.5713487939127684,13,13,1,0,312,1,2,1,1,2.078643,1.685187,-0.212841,0.25065,1.978063,0.6569,0.5383,3.859978,0.6309065947788628
2025-26,0022500229,2025-11-15,CHA,OKC,0,96,109,-13,0.07485706074910277,12,13,1,0,312,1,2,1,0,-13.768478,-10.899684,-4.860582,-5.663375,-0.609037,0.3675,0.7019,-12.943118,0.14213673117639308
2025-26,0022500228,2025-11-15,CLE,MEM,1,108,100,8,0.8188567031623804,13,13,1,0,312,2,1,0,0,6.071294,10.076356,2.91827,1.34113,2.108968,0.564,0.4667,10.182793,0.8044396327311525
2025-26,0022500237,2025-11-16,NOP,GSW,0,106,124,-18,0.17073037721775247,12,14,1,0,312,2,1,0,0,-8.247429,-10.263632,-3.822395,-3.240153,2.108968,0.4451,0.7694,-7.146562,0.2704031542003654
2025-26,0022500238,2025-11-16,DAL,POR,1,138,133,5,0.41115435030019515,13,12,1,0,312,1,2,0,0,-6.162592,-7.853361,-2.804642,0.574862,2.108968,0.5074,0.721,-4.899008,0.33616805585966475
2025-26,0022500235,2025-11-16,WAS,BKN,0,106,129,-23,0.5888456496998049,12,12,1,0,312,3,0,0,0,-4.383989,4.671731,-0.182648,-1.100713,2.108968,0.6561,0.488,2.252839,0.5775915623168006
2025-26,0022500239,2025-11-16,PHX,ATL,0,122,124,-2,0.5536717270480503,13,13,1,0,312,2,2,0,0,0.635275,1.785652,0.026689,-0.258224,2.108968,0.4997,0.6428,3.319431,0.6132589963537267
2025-26,0022500234,2025-11-16,SAS,SAC,1,123,110,13,0.7178674702465342,12,13,1,0,312,2,1,0,0,3.245143,14.261449,4.631565,-0.793908,2.108968,0.6268,0.574,10.862264,0.8188607284572612
2025-26,0022500240,2025-11-16,UTA,CHI,1,150,147,3,0.34376701858128905,12,11,1,0,312,3,2,0,0,-4.376791,-8.948334,-2.510117,-1.870581,2.108968,0.5335,0.6836,-4.553594,0.3469566497343222
2025-26,0022500233,2025-11-16,BOS,LAC,1,121,118,3,0.6878806892309335,13,12,1,0,312,1,3,0,0,-1.161692,7.753417,2.246044,0.812475,2.108968,0.5257,0.6411,5.404831,0.6793248762141084
2025-26,0022500236,2025-11-16,HOU,ORL,1,117,113,4,0.7460369236801184,11,13,1,0,312,2,2,0,0,5.764111,7.829023,2.404312,1.569119,2.108968,0.5552,0.6641,8.905535,0.7750204379821877
2025-26,0022500242,2025-11-17,DET,IND,1,127,112,15,0.7594059276819749,13,13,1,0,312,3,2,0,0,-1.289693,13.761543,4.495129,-0.44496,2.108968,0.5728,0.6393,8.344893,0.7611533205759515
2025-26,0022500248,2025-11-17,DEN,CHI,0,127,130,-3,0.857658513410342,12,12,1,0,312,2,1,0,1,5.062217,6.623222,2.837622,1.660846,4.696069,0.7026,0.6836,10.538788,0.8121010616241766
2025-26,0022500245,2025-11-17,TOR,CHA,1,110,108,2,0.7460369236801184,13,13,1,0,312,1,2,0,0,3.201371,1.84429,1.598541,1.301219,2.108968,0.7602,0.3675,4.631799,0.6555002621031477
2025-26,0022500247,2025-11-17,NOP,OKC,0,109,126,-17,0.06549482840932518,13,14,1,0,312,2,2,1,0,-12.153145,-18.619092,-7.097514,-5.593858,-0.609037,0.4451,0.7019,-15.995155,0.09783197182233716
2025-26,0022500243,2025-11-17,PHI,LAC,1,110,108,2,0.6878806892309335,12,13,1,0,312,3,3,0,1,-8.207487,3.562865,2.054082,-3.021384,4.696069,0.4945,0.6411,2.373757,0.5816835791351024
2025-26,0022500246,2025-11-17,MIN,DAL,1,120,96,24,0.8819986284100898,13,14,1,0,312,0,1,0,1,11.536454,12.14765,3.956167,1.568324,4.696069,0.8674,0.5074,16.53812,0.9086250512231733
2025-26,0022500244,2025-11-17,MIA,NYK,1,115,113,2,0.5358578756953277,13,12,1,0,312,0,2,0,0,-3.583401,-0.726748,0.105041,-1.284113,2.108968,0.5479,0.8413,-0.046106,0.49839909961940637
2025-26,0022500241,2025-11-17,CLE,MIL,1,118,106,12,0.7030927392097281,14,14,1,0,312,4,1,0,0,4.419644,-0.113972,0.59642,1.854525,2.108968,0.564,0.6569,4.261804,0.6438049245632602
2025-26,0022500250,2025-11-18,BKN,BOS,0,99,113,-14,0.17073037721775247,13,14,1,0,414,0,2,0,0,-9.309241,-16.370834,-5.542816,-2.749002,2.088855,0.488,0.5257,-10.751183,0.18343894108013256
2025-26,0022500252,2025-11-18,SAS,MEM,1,111,101,10,0.7030927392097281,13,14,1,0,414,2,2,0,0,-0.197283,15.532996,5.274891,-1.185544,2.088855,0.6268,0.4667,9.756712,0.794961982776623
2025-26,0022500254,2025-11-18,POR,PHX,0,110,127,-17,0.5536717270480503,13,14,1,0,414,2,2,0,0,2.186331,-3.581013,-1.210274,-0.087698,2.088855,0.721,0.4997,1.391514,0.548166621402237
2025-26,0022500249,2025-11-18,ORL,GSW,1,121,113,8,0.41115435030019515,14,15,1,0,414,2,4,0,0,-1.850221,0.403432,-0.146855,-0.550764,2.088855,0.6641,0.7694,1.365461,0.547270232754184
2025-26,0022500251,2025-11-18,ATL,DET,0,112,120,-8,0.44632827295194966,14,14,1,0,414,2,4,0,1,0.322233,-3.813511,-0.338098,-0.574438,4.602042,0.6428,0.5728,2.856403,0.5978999935843287
2025-26,0022500253,2025-11-18,LAL,UTA,1,140,126,14,0.8662053788148977,14,13,1,0,414,2,3,0,0,9.193967,6.7895,3.203785,1.867139,2.088855,0.5383,0.5335,10.080589,0.8021968679216588
2025-26,0022500259,2025-11-19,MIN,WAS,1,120,109,11,0.9145647629102059,14,13,1,0,414,1,3,0,0,12.620999,16.184816,7.189928,3.260741,2.088855,0.8674,0.6561,16.491762,0.908089074592217
2025-26,0022500262,2025-11-19,DAL,NYK,0,111,113,-2,0.2277140218656496,15,13,1,0,414,3,1,0,0,-6.803484,-11.148502,-4.887861,-0.845498,2.088855,0.5074,0.8413,-6.887138,0.2775700993030686
2025-26,0022500263,2025-11-19,POR,CHI,0,121,122,-1,0.37686560878908776,14,13,1,0,414,3,1,1,0,1.037981,-2.596679,-0.763745,-0.158898,-0.502992,0.721,0.6836,-1.282341,0.4555916109768391
2025-26,0022500255,2025-11-19,CLE,HOU,0,104,114,-10,0.44632827295194966,15,12,1,0,414,5,1,0,0,-2.135748,-5.777771,-2.448962,0.287374,2.088855,0.564,0.5552,-1.867905,0.4355035405921074
2025-26,0022500260,2025-11-19,NOP,DEN,0,118,125,-7,0.1811432968376197,14,13,1,0,414,2,4,0,0,-8.384314,-19.310724,-8.301639,-2.170974,2.088855,0.4451,0.7026,-11.758664,0.1633996122929319
2025-26,0022500258,2025-11-19,PHI,TOR,0,112,121,-9,0.41115435030019515,13,14,1,0,414,4,2,0,0,-4.43635,-2.229538,-0.780153,-0.483973,2.088855,0.4945,0.7602,-1.244089,0.45690962490388426
2025-26,0022500261,2025-11-19,OKC,SAC,1,113,99,14,0.9345051715906748,15,14,1,0,414,1,3,0,0,15.761435,19.493176,8.733011,1.707096,2.088855,0.7019,0.574,19.716161,0.9392523411192973
2025-26,0022500256,2025-11-19,IND,CHA,1,127,118,9,0.42865120608723156,14,14,1,0,414,4,3,0,0,-0.49775,-8.918546,-3.430528,2.034011,2.088855,0.6393,0.3675,-2.619293,0.4100422564753631
2025-26,0022500257,2025-11-19,MIA,GSW,1,110,96,14,0.8188567031623804,14,16,1,0,414,1,5,0,1,-0.697903,1.689486,0.403401,-0.532533,4.602042,0.5479,0.7694,5.097834,0.6699662756604714
2025-26,0022500267,2025-11-20,SAS,ATL,1,135,126,9,0.5358578756953277,14,15,1,0,414,2,2,0,0,-1.378274,3.910557,0.481548,-0.219397,2.088855,0.6268,0.6428,3.354997,0.6144298824369894
2025-26,0022500266,2025-11-20,MIL,PHI,0,114,123,-9,0.44632827295194966,15,14,1,0,414,2,3,0,1,0.622266,-1.394018,-1.087389,1.491415,4.602042,0.6569,0.4945,4.216166,0.6423500428482906
2025-26,0022500265,2025-11-20,MEM,SAC,1,137,96,41,0.6231343912109123,15,15,1,0,414,2,3,0,1,5.197536,0.039543,0.379132,0.63879,4.602042,0.4667,0.574,7.220582,0.7316202398006876
2025-26,0022500264,2025-11-20,ORL,LAC,1,129,101,28,0.7178674702465342,15,14,1,0,414,1,3,0,0,-0.902928,5.142328,2.097586,-0.882165,2.088855,0.6641,0.6411,4.208555,0.6421071445594193
2025-26,0022500054,2025-11-21,HOU,DEN,0,109,112,-3,0.6061206662881097,13,14,1,0,414,1,1,0,0,2.019141,0.052213,-0.029803,0.318407,2.088855,0.5552,0.7026,3.124532,0.6068195445910812
2025-26,0022500051,2025-11-21,CHI,MIA,0,107,143,-36,0.5888456496998049,14,15,1,0,414,1,2,0,0,-1.559528,-0.935002,-0.716619,-0.295255,2.088855,0.6836,0.5479,0.841591,0.5291886694158596
2025-26,0022500049,2025-11-21,BOS,BKN,0,105,113,-8,0.8743142556725981,15,14,1,0,414,1,1,0,0,8.179012,16.370834,5.579058,2.749002,2.088855,0.5257,0.488,14.363778,0.88026786302862
2025-26,0022500050,2025-11-21,TOR,WAS,1,140,110,30,0.8819986284100898,15,14,1,0,414,1,2,0,0,8.954322,15.484336,6.908282,1.62444,2.088855,0.7602,0.6561,14.308184,0.8794516613564648
2025-26,0022500055,2025-11-21,UTA,OKC,0,112,144,-32,0.08543523708979396,14,16,1,0,414,0,1,0,0,-15.567337,-15.015498,-6.763671,-3.444809,2.088855,0.5335,0.7019,-13.202563,0.13779936632939607
2025-26,0022500048,2025-11-21,CLE,IND,1,120,109,11,0.8743142556725981,16,15,1,0,414,3,3,0,0,8.546647,14.933086,6.034527,0.784455,2.088855,0.564,0.6393,13.828722,0.8722115440336288
2025-26,0022500056,2025-11-21,GSW,POR,0,123,127,-4,0.8188567031623804,17,15,1,0,414,3,2,0,0,4.909284,1.842194,1.230652,0.986686,2.088855,0.7694,0.721,5.464594,0.6811303756671585
2025-26,0022500052,2025-11-21,DAL,NOP,1,118,115,3,0.6231343912109123,16,15,1,0,414,2,3,0,0,0.455561,2.905127,1.011175,1.350552,2.088855,0.5074,0.4451,3.769199,0.6279657834113969
2025-26,0022500053,2025-11-21,PHX,MIN,1,114,113,1,0.34376701858128905,15,15,1,0,414,1,0,0,0,-6.296732,-1.421887,-0.826077,-1.366488,2.088855,0.4997,0.8674,-1.770454,0.4388337789544947
2025-26,0022500274,2025-11-22,DEN,SAC,0,123,128,-5,0.8292696227822476,15,16,1,0,414,2,4,1,0,11.020974,17.591124,7.668293,0.662634,-0.502992,0.7026,0.574,13.803058,0.8718137288775126
2025-26,0022500271,2025-11-22,CHI,WAS,1,121,120,1,0.857658513410342,15,15,1,0,414,3,3,1,1,6.64671,13.778595,5.983948,1.965453,2.010196,0.6836,0.6561,12.222848,0.8452233479642829
2025-26,0022500273,2025-11-22,DAL,MEM,0,96,102,-6,0.4641421243046722,17,16,1,0,414,2,2,1,0,-2.123113,1.145984,-0.11337,-0.796577,-0.502992,0.5074,0.4667,-0.991556,0.4656252834149321
2025-26,0022500272,2025-11-22,MIL,DET,0,116,129,-13,0.24059407231802515,16,15,1,0,414,1,3,0,0,0.174569,-7.392574,-2.393295,-0.008958,2.088855,0.6569,0.5728,-1.520148,0.44741229192082416
2025-26,0022500270,2025-11-22,NOP,ATL,0,98,115,-17,0.19204422963491963,16,16,1,0,414,2,2,1,0,-7.057461,-13.381583,-6.061855,-1.180984,-0.502992,0.4451,0.6428,-10.722514,0.18403612756853002
2025-26,0022500268,2025-11-22,CHA,LAC,0,116,131,-15,0.5358578756953277,15,15,1,0,414,3,3,0,0,-5.20444,1.343672,-0.101576,-2.280933,2.088855,0.3675,0.6411,0.158471,0.5055022530897599
2025-26,0022500269,2025-11-22,ORL,NYK,1,133,121,12,0.5713487939127684,16,14,1,0,414,1,2,0,0,-2.674813,-2.684348,-0.989438,-0.838993,2.088855,0.6641,0.8413,-0.590725,0.47950020103198665
2025-26,0022500281,2025-11-23,PHX,SAS,1,111,102,9,0.5536717270480503,16,15,1,0,414,2,2,0,0,0.112048,-4.587471,-1.127252,0.047248,2.088855,0.4997,0.6268,-0.148857,0.4948315513824062
2025-26,0022500277,2025-11-23,BOS,ORL,1,138,129,9,0.6398498804305458,16,17,1,0,414,1,4,0,1,3.863852,3.797935,0.749338,1.511012,4.602042,0.5257,0.6641,8.432936,0.7633692814757096
2025-26,0022500280,2025-11-23,OKC,POR,1,122,95,27,0.9145647629102059,17,16,1,0,414,0,3,0,0,8.552895,12.089121,5.466009,2.2943,2.088855,0.7019,0.721,12.409863,0.8485909401581334
2025-26,0022500275,2025-11-23,PHI,MIA,0,117,127,-10,0.4641421243046722,15,16,1,0,414,3,2,0,0,0.533931,-1.458798,-0.575119,-1.12024,2.088855,0.4945,0.5479,1.626422,0.5562340536826904
2025-26,0022500276,2025-11-23,ATL,CHA,1,113,110,3,0.7594059276819749,17,16,1,0,414,2,4,1,1,4.247815,5.810957,3.076416,1.222694,2.010196,0.6428,0.3675,7.039582,0.7266555212830597
2025-26,0022500278,2025-11-23,CLE,LAC,1,120,105,15,0.7460369236801184,17,16,1,0,414,4,3,0,1,-0.715969,7.358212,2.681994,0.537533,4.602042,0.564,0.6411,7.923164,0.7503424386639335
2025-26,0022500282,2025-11-23,UTA,LAL,0,106,108,-2,0.2034381860313969,15,15,1,0,414,1,2,0,0,-10.276424,-6.7895,-2.896148,-1.867139,2.088855,0.5335,0.5383,-6.444107,0.2900760228847075
2025-26,0022500279,2025-11-23,TOR,BKN,1,119,109,10,0.8392015046448209,16,15,1,0,414,2,0,0,0,5.510065,14.629693,5.375845,0.619954,2.088855,0.7602,0.488,12.158734,0.8440548415606942
2025-26,0022500288,2025-11-24,MIL,POR,0,103,115,-12,0.5358578756953277,17,17,1,0,414,1,2,0,1,-1.369526,0.678865,-0.142345,0.825328,4.602042,0.6569,0.721,4.256712,0.6436427241686807
2025-26,0022500283,2025-11-24,IND,DET,0,117,122,-5,0.19204422963491963,16,16,1,0,414,2,5,0,0,-0.296504,-18.543014,-6.845042,0.236879,2.088855,0.6393,0.5728,-7.330904,0.26538185204594256
2025-26,0022500291,2025-11-24,GSW,UTA,1,134,117,17,0.8743142556725981,18,16,1,0,414,3,2,0,1,9.034434,4.768572,2.868654,2.137195,4.602042,0.7694,0.5335,11.503545,0.8316987302865215
2025-26,0022500285,2025-11-24,BKN,NYK,0,100,113,-13,0.142341486589658,16,15,1,0,414,1,3,1,0,-8.610221,-15.257247,-5.750012,-2.076983,-0.502992,0.488,0.8413,-12.436726,0.15093031899357076
2025-26,0022500290,2025-11-24,PHX,HOU,0,92,114,-22,0.2821325297534659,17,14,1,0,414,3,2,1,0,-5.78279,-6.658269,-2.749611,-1.480547,-0.502992,0.4997,0.5552,-6.723521,0.28214988838422744
2025-26,0022500287,2025-11-24,MEM,DEN,0,115,125,-10,0.2821325297534659,17,16,1,0,414,1,2,0,0,-4.252693,-17.551581,-7.1412,-0.023844,2.088855,0.4667,0.7026,-8.813282,0.22722154226210758
2025-26,0022500292,2025-11-24,SAC,MIN,1,117,112,5,0.1811432968376197,17,16,1,0,414,3,0,0,0,-12.192848,-12.406955,-5.599973,-0.866982,2.088855,0.574,0.8674,-10.211046,0.19494378449773406
2025-26,0022500289,2025-11-24,NOP,CHI,1,143,130,13,0.3277474371069136,17,16,1,0,414,3,4,0,0,-4.605227,-11.720334,-4.776684,-1.080034,2.088855,0.4451,0.6836,-6.073925,0.3007769775949574
2025-26,0022500286,2025-11-24,MIA,DAL,1,106,102,4,0.7460369236801184,17,18,1,0,414,3,1,1,0,3.483734,9.750208,4.13259,0.024737,-0.502992,0.5479,0.5074,6.11398,0.7003917059478955
2025-26,0022500284,2025-11-24,TOR,CLE,1,110,99,11,0.5536717270480503,17,18,1,0,414,1,5,1,1,-1.085048,-0.15909,0.092198,-2.037734,2.010196,0.7602,0.564,1.388126,0.548050092441065
2025-26,0022500058,2025-11-25,PHI,ORL,0,103,144,-41,0.3277474371069136,16,18,1,0,520,3,1,0,0,-0.975016,-2.246414,-1.251611,-0.652908,2.062907,0.4945,0.6641,0.452192,0.515695960723777
2025-26,0022500059,2025-11-25,LAL,LAC,1,135,118,17,0.7030927392097281,16,17,1,0,520,1,3,0,0,-1.011361,7.856494,3.292469,-0.270175,2.062907,0.5383,0.6411,5.485474,0.6817598830724927
2025-26,0022500057,2025-11-25,WAS,ATL,1,132,113,19,0.17073037721775247,16,18,1,0,520,3,0,0,0,-8.213715,-15.700052,-8.021895,-1.245912,2.062907,0.6561,0.6428,-9.893976,0.20194802210702623
2025-26,0022500060,2025-11-26,BOS,DET,1,117,114,3,0.42865120608723156,17,17,1,0,520,2,3,0,0,3.417666,-2.943964,-0.506099,0.556324,2.062907,0.5257,0.5728,2.299758,0.5791806562616039
2025-26,0022500065,2025-11-26,NOP,MEM,0,128,133,-5,0.37686560878908776,18,18,1,0,520,3,2,0,0,-3.898148,-3.930891,-2.135777,-0.71571,2.062907,0.4451,0.4667,-1.851612,0.4360599140854233
2025-26,0022500064,2025-11-26,OKC,MIN,1,113,105,8,0.8292696227822476,18,17,1,0,520,2,0,0,0,3.775118,8.400726,4.593751,0.243958,2.062907,0.7019,0.8674,8.150829,0.7562187927442375
2025-26,0022500068,2025-11-26,SAC,PHX,0,100,112,-12,0.34376701858128905,18,18,1,0,520,2,1,0,0,-5.574744,-10.591037,-4.825441,0.166502,2.062907,0.574,0.4997,-6.019983,0.30235494758762665
2025-26,0022500067,2025-11-26,POR,SAS,0,102,115,-13,0.44632827295194966,18,16,1,0,520,2,3,0,0,-2.24399,-7.679372,-3.227424,0.129261,2.062907,0.721,0.6268,-2.898774,0.4006860107683001
2025-26,0022500062,2025-11-26,MIA,MIL,1,106,103,3,0.8188567031623804,18,18,1,0,520,2,2,0,0,3.498669,7.351588,3.654783,-0.143192,2.062907,0.5479,0.6569,7.488036,0.7388509675203605
2025-26,0022500061,2025-11-26,CHA,NYK,0,101,129,-28,0.2821325297534659,17,16,1,0,520,5,1,0,0,-5.949749,-8.291328,-4.25692,-1.171852,2.062907,0.3675,0.8413,-5.057631,0.33126951984129854
2025-26,0022500063,2025-11-26,TOR,IND,1,97,95,2,0.8079557703650804,18,17,1,0,520,1,2,0,0,4.353912,15.631116,6.929171,-0.507401,2.062907,0.7602,0.6393,12.055421,0.8421567948553474
2025-26,0022500066,2025-11-26,GSW,HOU,0,100,104,-4,0.6231343912109123,19,15,1,0,520,2,2,0,0,0.03629,-8.505575,-3.372781,-0.556158,2.062907,0.7694,0.5552,-2.171735,0.425159082395062
2025-26,0022500074,2025-11-28,NYK,MIL,1,118,109,9,0.7460369236801184,17,19,1,0,520,2,2,0,0,1.610668,6.116388,3.572836,0.306966,2.062907,0.8413,0.6569,5.926435,0.6948973758773258
2025-26,0022500073,2025-11-28,IND,WAS,1,119,86,33,0.7178674702465342,18,17,1,0,520,1,3,0,0,4.637217,2.073574,1.33981,1.605993,2.062907,0.6393,0.6561,5.418303,0.679732343371833
2025-26,0022500076,2025-11-28,DEN,SAS,0,136,139,-3,0.7321870306660503,17,17,1,0,520,1,2,0,0,3.48559,2.194717,1.831747,0.588718,2.062907,0.7026,0.6268,4.90306,0.6639575244911736
2025-26,0022500071,2025-11-28,CHA,CHI,1,123,116,7,0.39387933371189043,18,17,1,0,520,3,2,0,0,-0.721716,-2.625258,-1.541493,-0.587616,2.062907,0.3675,0.6836,0.38942,0.513518231951245
2025-26,0022500072,2025-11-28,DET,ORL,0,109,112,-3,0.6231343912109123,18,19,1,0,520,2,5,0,0,-2.535796,4.757739,0.806551,0.18295,2.062907,0.5728,0.6641,3.173879,0.6084535760260236
2025-26,0022500079,2025-11-28,LAC,MEM,0,107,112,-5,0.7178674702465342,18,19,1,0,520,3,2,0,0,6.660118,0.78682,0.633693,0.161493,2.062907,0.6411,0.4667,5.786376,0.6907575620822399
2025-26,0022500077,2025-11-28,UTA,SAC,1,128,119,9,0.5888456496998049,17,19,1,0,520,2,2,0,0,0.636723,1.864336,0.690619,-0.739602,2.062907,0.5335,0.574,3.313437,0.6130615074210133
2025-26,0022500078,2025-11-28,LAL,DAL,1,129,119,10,0.8079557703650804,17,19,1,0,520,1,3,0,0,9.900259,10.56074,4.533849,0.142991,2.062907,0.5383,0.5074,12.293407,0.8465010338560319
2025-26,0022500070,2025-11-28,BKN,PHI,0,103,115,-12,0.2678129693339497,17,17,1,0,520,1,2,0,0,-3.557596,-10.502336,-4.67334,0.113065,2.062907,0.488,0.4945,-4.967059,0.33406215913520493
2025-26,0022500069,2025-11-28,ATL,CLE,1,130,123,7,0.2821325297534659,19,19,1,0,520,1,6,0,0,-7.054152,0.039029,0.392932,-0.355616,2.062907,0.6428,0.564,-1.444654,0.450006002897904
2025-26,0022500075,2025-11-28,OKC,PHX,1,123,119,4,0.8892726820276319,19,19,1,0,520,2,2,0,0,7.247219,9.164242,5.228734,0.852933,2.062907,0.7019,0.4997,10.268638,0.8063084874165548
2025-26,0022500299,2025-11-29,PHX,DEN,0,112,130,-18,0.37686560878908776,20,18,1,0,520,3,1,1,1,-2.285359,-5.559361,-2.954286,-0.45562,1.860232,0.4997,0.7026,-2.062128,0.4288837939375055
2025-26,0022500300,2025-11-29,LAC,DAL,0,110,114,-4,0.796561813968603,19,20,1,0,520,3,4,1,1,11.433794,2.704246,1.381988,0.413166,1.860232,0.6411,0.5074,8.929252,0.7755942718566504
2025-26,0022500298,2025-11-29,GSW,NOP,1,104,96,8,0.8079557703650804,20,19,1,0,520,4,4,0,0,5.4007,9.560919,5.115321,0.575491,2.062907,0.7694,0.4451,9.543717,0.7900980018292819
2025-26,0022500295,2025-11-29,IND,CHI,1,103,101,2,0.41115435030019515,19,18,1,0,520,1,5,1,1,-0.795946,-8.607032,-3.816051,0.429389,1.860232,0.6393,0.6836,-2.841257,0.4026058441346099
2025-26,0022500296,2025-11-29,MIA,DET,0,135,138,-3,0.6231343912109123,19,19,1,0,520,3,4,0,1,0.93618,-2.08238,-0.216629,-0.176873,4.55462,0.5479,0.5728,3.98152,0.6348287529065952
2025-26,0022500294,2025-11-29,CHA,TOR,1,118,111,7,0.2821325297534659,19,19,1,0,520,3,1,1,0,-4.158991,-9.649341,-4.687598,-0.509604,-0.631481,0.3675,0.7602,-7.535647,0.2598751282884101
2025-26,0022500297,2025-11-29,MIL,BKN,1,116,99,17,0.8392015046448209,20,18,1,0,520,0,2,1,1,5.040136,8.072521,2.822248,0.689112,1.860232,0.6569,0.488,8.41656,0.7629581849748377
2025-26,0022500293,2025-11-29,MIN,BOS,1,119,115,4,0.7030927392097281,18,18,1,0,520,0,1,0,0,1.940864,-0.971657,-0.10678,-0.246374,2.062907,0.8674,0.5257,2.54751,0.5875438236863589
2025-26,0022500306,2025-11-30,MIN,SAS,1,125,112,13,0.656232981418711,19,18,1,0,520,0,0,1,0,7.858308,-2.601128,-0.673289,0.742073,-0.631481,0.8674,0.6268,1.997109,0.5689028459500546
2025-26,0022500301,2025-11-30,UTA,HOU,0,101,129,-28,0.16079849535517896,18,16,1,0,520,2,0,0,0,-10.962854,-14.959025,-7.059423,-1.36847,2.062907,0.5335,0.5552,-10.898032,0.1804035830656239
2025-26,0022500305,2025-11-30,POR,OKC,0,115,123,-8,0.16079849535517896,19,20,1,0,520,2,3,0,0,-10.084893,-13.47897,-7.148898,-0.85677,2.062907,0.721,0.7019,-9.719024,0.2058925290395852
2025-26,0022500303,2025-11-30,NYK,TOR,1,116,94,22,0.7722859781343504,18,20,1,0,520,1,2,0,1,3.0424,-1.358014,-0.180489,0.662248,4.55462,0.8413,0.7602,5.396813,0.6790822562845636
2025-26,0022500302,2025-11-30,CLE,BOS,0,115,117,-2,0.7460369236801184,20,19,1,0,520,5,4,0,1,2.343164,-1.05927,-0.46389,-0.442349,4.55462,0.564,0.5257,5.196567,0.6729912635585015
2025-26,0022500304,2025-11-30,PHI,ATL,0,134,142,-8,0.6061206662881097,18,20,1,0,520,2,1,0,0,-2.925919,-3.039948,-1.401083,-0.594217,2.062907,0.4945,0.6428,-0.920026,0.46809803277211176
2025-26,0022500308,2025-11-30,LAL,NOP,1,133,121,12,0.9026490636820277,18,20,1,0,520,2,4,0,1,7.75797,12.574205,5.801194,0.607028,4.55462,0.5383,0.4451,14.720708,0.8853950320605882
2025-26,0022500317,2025-12-01,LAL,PHX,0,108,125,-17,0.6878806892309335,19,21,1,0,520,1,2,1,0,3.813151,0.740034,0.473845,0.27075,-0.631481,0.5383,0.4997,1.645111,0.5568747028163237
2025-26,0022500316,2025-12-01,UTA,HOU,1,133,125,8,0.16079849535517896,19,17,1,0,520,2,2,1,1,-10.80205,-14.959025,-7.059423,-1.36847,1.860232,0.5335,0.5552,-11.020305,0.17790621239118173
2025-26,0022500312,2025-12-01,BKN,CHA,1,116,103,13,0.34376701858128905,19,20,1,0,520,2,5,0,0,-2.166444,-5.897581,-1.971716,0.175773,2.062907,0.488,0.3675,-1.969106,0.4320512721327227
2025-26,0022500314,2025-12-01,ORL,CHI,1,125,120,5,0.796561813968603,20,19,1,0,520,3,4,0,0,3.888833,4.225911,2.338475,0.128,2.062907,0.6641,0.6836,6.120279,0.7005752711050095
2025-26,0022500315,2025-12-01,DEN,DAL,0,121,131,-10,0.8392015046448209,19,21,1,0,520,0,4,0,0,7.523734,15.380067,7.15536,0.327861,2.062907,0.7026,0.5074,13.514808,0.8672726800203864
2025-26,0022500311,2025-12-01,WAS,MIL,1,129,126,3,0.1811432968376197,18,21,1,0,520,3,2,0,0,-4.402724,-10.230288,-4.830915,-1.453873,2.062907,0.6561,0.6569,-5.253599,0.32526791397018595
2025-26,0022500318,2025-12-02,PHI,WAS,1,121,102,19,0.8743142556725981,19,19,1,0,616,3,4,0,1,0.030515,10.492079,5.527207,0.162924,4.478091,0.4945,0.6561,9.739388,0.7945695193538413
2025-26,0022500320,2025-12-02,BOS,NYK,1,123,117,6,0.4641421243046722,20,19,1,0,616,3,1,0,0,-0.963545,-1.114795,-0.869955,-0.105943,2.010085,0.5257,0.8413,0.970915,0.5336613453007198
2025-26,0022500322,2025-12-02,SAS,MEM,1,126,119,7,0.6722525628930864,19,21,1,0,616,0,1,0,0,0.260343,9.423026,4.469838,-0.070409,2.010085,0.6268,0.4667,6.85177,0.7214438015552852
2025-26,0022500330,2025-12-03,HOU,SAC,1,121,95,26,0.9026490636820277,18,21,1,0,616,0,1,0,0,11.802712,17.880497,8.727172,0.258733,2.010085,0.5552,0.574,16.85169,0.9121771450430092
2025-26,0022500346,2025-12-05,HOU,PHX,1,117,98,19,0.7722859781343504,19,22,1,0,616,1,2,0,0,6.497422,6.194972,3.439173,0.258733,2.010085,0.5552,0.4997,8.356282,0.761440766888153
